vegetables_types,weight,color_intensity,lenght,bitterness,crispness,freshness,fiber_content,is_organic,harvest_season
4,207.6576356223425,0.10547369995663058,13.85304627965986,10,1,2,1.9781617719371973,0,1
2,250.80366367290844,0.656780104724294,14.782615250930688,4,8,1,1.9092882842801098,1,2
3,233.67064622156994,0.8221031606002255,7.3444624872213895,2,2,5,2.356949362115468,1,0
2,215.6718816995392,0.38042000750756233,17.571273780089175,4,5,5,2.9927948782467415,1,2
2,144.66678811882815,0.7756118509253275,17.86028720857072,1,9,1,2.754671088126302,1,3
0,233.0027849995197,0.9644766539008116,14.689044915003445,2,8,2,1.873092795125975,1,3
3,331.7417147532524,0.2037664591276891,20.621766799352514,8,2,5,1.5218056397744721,1,0
3,294.17940323084844,0.5233296311947413,13.329613845100297,6,9,3,1.0503112499447815,0,3
3,311.5230638647578,0.28713795808457554,17.823029629468003,2,5,1,1.6158529546660154,1,3
2,164.21490264981705,0.7928544190338394,9.901678306539422,6,10,4,3.821425480776473,0,1
4,130.72766258189932,0.5775933658811575,14.88223924562881,10,6,2,1.9745542773823317,0,1
3,191.19491559302463,0.6345824175503038,14.128228710485821,9,3,1,2.8744072404860392,0,3
2,203.90074386020862,0.7979141596158941,16.12653961020471,7,3,5,3.365204595692979,0,3
0,276.5934062929664,0.3959704726624549,13.152365355833208,9,10,2,4.547363611326428,0,1
4,81.52747591996264,0.9150900684070432,14.34263702164166,5,8,3,4.555420393573678,1,3
0,307.06852236224296,0.53302886724614,19.13023585720753,7,10,2,3.982934934725436,1,3
4,188.93944709947073,0.157954822835348,12.816178813808913,7,10,2,1.1406279681940057,1,2
2,170.1183251036806,0.6958991181688025,6.967114496306603,3,2,3,3.3002816763416596,1,3
1,129.15269373178828,0.7932613504382544,23.747919521027104,7,2,3,4.146333883326026,0,0
4,84.16003296939614,0.31676167706752667,21.907270393452432,1,5,2,1.0691521790534528,0,2
0,257.621940877334,0.857179256998753,8.538686524471906,9,6,3,3.198738454626313,0,0
2,205.13225770318826,0.9061432547657664,18.448539026225973,10,2,1,4.431056583144118,1,3
4,109.70273701812623,0.2769044873778089,12.485126147243285,6,5,3,2.8964083033690677,1,1
1,109.34448595554687,0.9835214727152221,16.317436076655298,5,7,3,1.0164248115897938,1,2
1,176.49507104969103,0.14071152804875842,16.47112064506747,7,10,2,1.0440534333424298,1,1
3,316.83150677025753,0.20201566840248997,13.82796099841839,5,10,1,2.666544149655002,0,2
3,181.82860540454766,0.18422483923802613,11.081171672068017,10,8,4,1.6200346696670183,0,1
0,94.77999328173257,0.8939897100078704,11.547294738418703,5,7,4,3.6578026283730383,1,2
4,182.7979855139839,0.6542925523249619,10.419040422593788,10,8,5,3.835197059624616,1,2
4,180.90935011766305,0.15210428322227287,10.840888958847776,7,9,3,1.7115191818425144,0,0
3,11.217934994089973,0.440323418368349,14.664108549753223,10,5,3,4.55413315409794,0,1
4,196.19935934375314,0.615298025069802,11.421200054446242,7,5,1,2.7676313799157035,0,0
4,183.83458288539254,0.08346408498938329,18.410260328563098,3,10,4,1.571383630367695,0,0
1,248.7344455369393,0.8824163684073387,22.436230776679636,3,4,5,4.057006392277582,1,1
3,329.42692664617414,0.8036035354415352,12.099733793149785,10,9,1,4.159898000067091,0,2
2,278.859552068343,0.5052067735766382,16.197022502676884,3,5,3,3.55718189066183,0,0
3,181.17779166116185,0.9671266152591704,17.498425551514668,6,2,4,4.413862212810212,0,1
2,122.54318638808307,0.4177609792750997,17.360011354596374,6,10,5,3.9494918881226853,0,2
1,380.13518622749024,0.9841103190364978,15.379776339580436,3,8,2,4.528822948907962,1,0
0,204.14529038101418,0.6679199988036271,18.713412091798613,3,7,4,2.735552193941918,1,0
4,200.97505043390623,0.6346712732539415,17.411244763403285,8,8,5,3.99038851239777,1,0
1,198.31124390229976,0.165954895295785,8.811687888363512,8,3,1,4.9990062537161775,1,2
4,213.86593325374986,0.881927758304644,19.345780321946364,7,4,2,3.899724790078477,1,0
0,189.89477116532402,0.42748968792061515,19.436454186333712,10,5,5,1.4567351209485286,1,2
0,159.84365951838345,0.16223340578247936,11.183569479107092,4,6,5,3.073274889716732,0,3
1,161.71987411317255,0.01260751997575904,15.18968917723801,4,1,3,3.3493911649721118,0,0
0,197.70727108488012,0.5597556836383826,18.416644964055347,3,4,4,1.696842700285564,0,3
2,161.96026602063645,0.5273996221226763,13.953430902103193,5,10,3,4.85156653671215,0,1
0,150.10079521259848,0.7193536223691586,20.364890238830057,3,5,2,1.7023191105384652,1,0
4,207.4501159384328,0.8902580530178021,26.819362473096803,8,7,5,1.710231678852891,0,1
4,182.15159478054014,0.07940658464302952,11.070069836825088,7,5,3,4.66066855189822,1,1
4,305.2795092007882,0.7314964903403623,8.094776984231125,3,1,4,2.8608217324866843,0,1
4,14.432113412489173,0.18741194409758222,16.51909297802438,9,7,2,1.2527531170980648,0,3
2,276.4054796345723,0.858177053157164,18.607812525630717,5,8,1,3.3927499997541144,0,2
3,287.22596347483403,0.8190635138616561,13.845668130776154,9,7,3,3.4073053945321914,1,3
1,54.86268373142954,0.5407937549855444,22.26630331660517,7,4,2,1.2580030347462472,0,3
4,176.01186841437558,0.7102427986233115,8.306971001383756,7,8,1,4.890089982534648,1,1
0,173.9991393802946,0.3143501131837484,18.464593115158056,6,5,3,3.1761198611783024,1,0
4,101.47418136975251,0.47116789893281463,11.970695896205534,2,10,2,3.239182888719057,0,2
0,145.55283186863872,0.8216368977104717,23.59688953103648,9,9,2,3.080461658009578,1,1
0,122.25969081739198,0.4592651971732139,24.96257676584059,6,10,3,3.44292711857848,1,2
4,322.65893103965357,0.3577982653254418,11.166717061083261,8,5,2,2.05719901109502,0,3
2,265.4974875203223,0.4942124472502999,12.2522143204571,1,1,5,2.148965391899363,0,2
0,289.0088566495911,0.8282492524372184,19.29793943489901,5,9,3,3.045356359184531,0,2
0,250.51704448302647,0.33520804737087273,13.064346751052426,1,5,2,4.226743419054318,0,0
4,120.96637601479395,0.1737615931357438,14.772943910338808,10,6,1,1.1994583059767154,0,1
0,163.28358136041584,0.7120140203307808,15.12694210271205,8,4,1,3.413616848880984,0,2
0,234.25621928595427,0.8259782127080818,5.401634219011719,8,6,5,4.227112570025255,1,2
4,114.45105337756382,0.10063747852353333,14.930811269528814,1,8,3,1.6276690881489086,0,3
4,249.90989011206716,0.23987411275594472,11.55136112967913,9,3,2,1.0600901679222652,0,3
1,183.17722212893054,0.1419719897609939,12.53438588800114,2,5,2,2.2508531805658323,1,2
2,173.76254347152818,0.3479414115821666,22.21816001734407,9,2,1,3.3525748269183926,0,1
2,249.7671977742444,0.45035097890541265,8.717465528603718,1,2,5,1.5531326936189909,1,2
0,231.0984318040228,0.7488263369633065,19.066025933739887,10,7,1,2.704489483889942,0,2
2,174.7323683926644,0.6511475848816741,13.605185348340957,9,10,1,3.2092859894971117,0,0
0,281.15308623549737,0.6209285674784312,13.601199157520828,4,10,5,3.3955323790292686,1,1
1,124.32556706800719,0.3523749466096544,18.951859480258555,9,10,3,2.0976468840015006,0,0
4,243.11549248609845,0.8414475530847599,16.70025647284445,7,6,2,2.6001185439451655,1,1
4,241.51708805778685,0.47128716739816456,17.853064986097657,6,4,3,4.113356916270234,0,1
4,178.33174924802069,0.9791049380151545,19.840923302664304,5,5,4,4.7648587764827415,0,1
2,222.82931155694826,0.6341421382957368,13.343458084083386,9,1,4,4.447521324473029,1,0
1,112.4220496530288,0.12626474156450274,11.938816327461248,2,7,4,3.2571340069337276,0,0
2,264.68189134448306,0.676177562075434,9.57424736721101,2,8,5,2.641171211775786,0,0
2,187.05685044899076,0.325104015431699,10.872947350105225,9,9,1,2.331826457485673,1,3
1,163.40938856366722,0.6863271966860974,29.745472126543625,3,8,3,1.4998262643360722,0,0
1,273.43064580858226,0.06964114816240574,21.22339790368393,8,5,2,1.426204988864452,1,3
1,150.69594166200685,0.1748814371759594,8.244628168959894,9,3,4,3.753430499654631,0,3
1,101.40770925455082,0.8557372589057863,8.38771021628215,8,10,3,2.0391776646846416,1,3
4,91.03595785332674,0.2271795570235149,17.40933030859246,4,9,4,2.018646745729787,0,2
3,242.42069659419477,0.83704112524294,17.736323986889836,1,6,4,4.992780217911143,1,2
3,110.36994532526019,0.27927608845441043,17.744419176586824,4,5,2,1.7517038314951816,1,2
1,322.8355927389055,0.6428819100587077,13.725221032231511,9,3,5,1.5922390379553186,0,3
3,54.26494144813947,0.694150573509831,14.3727286999855,2,6,1,1.3947409110396825,0,3
3,318.75194578030266,0.5126547531450529,16.639397620796785,3,3,5,3.3192213806671846,1,1
1,214.7712227041833,0.3053106766967313,15.429465031466652,10,10,3,3.5114553040084058,0,3
3,193.23008216907255,0.21264437637109612,3.903498136262325,8,6,5,2.4609117050275278,1,2
2,161.85566392337353,0.03318935456242622,13.851001847124031,6,4,3,3.141653342045871,0,3
0,227.93952800464496,0.3039464012407238,10.742967828698433,8,2,3,4.15359812377965,0,3
0,197.36557083026062,0.653162790531283,15.87605709454256,7,8,1,4.272416673286994,1,1
1,277.2311317411565,0.9383048184484827,29.92629501301705,5,4,2,4.831648302862593,1,3
4,207.99593540634277,0.871204482263052,16.83740832737152,9,9,1,4.297071943691498,0,0
1,210.52112330233143,0.7660647765353026,13.43235156913801,4,7,5,3.2593657468697064,0,1
4,174.5471451450301,0.7884473432532987,19.60900750988626,6,2,3,1.718627863347384,0,3
0,196.01380633952527,0.6649849034759953,17.413439436046062,2,4,4,1.3990542308113696,0,3
1,221.54612382244414,0.260286857566003,17.100472452259208,2,5,4,1.2180475596434368,0,1
2,80.2882125140362,0.9071950307058299,18.034252966078355,2,3,3,3.666103327141535,1,3
3,105.62702045260009,0.670732311905834,25.282717824147706,10,9,1,4.230145021591973,0,2
4,252.02848658159004,0.56044063098044,9.345557823370422,7,5,2,3.034735802736316,0,0
3,211.96058066895594,0.11098946921348107,17.368160384057273,2,2,1,1.2188566993345598,1,0
3,187.12116645531245,0.4470555438064254,10.368094350092308,2,3,3,3.1418822983653527,1,2
1,201.29037531457752,0.4603582712019263,17.77756323171124,9,9,3,4.742997046098202,1,3
3,224.33071937531696,0.86456360952267,10.406567442569528,7,7,2,3.390452763729842,0,3
2,162.2168223783447,0.5466482201877885,12.913165931974579,3,2,5,4.23770995385126,1,0
3,145.5186692218381,0.38040054897040965,13.524550428810468,3,9,5,4.200610593567003,1,3
1,213.70916785683772,0.9768003285106593,19.879083596723547,7,4,2,4.728516399122611,1,0
2,131.51390556694776,0.11072059332631567,19.59227221971207,5,9,5,4.080915062599493,1,0
0,228.57769290001303,0.4225484283119446,8.771413117768077,10,2,4,3.9908020560523583,0,2
3,80.81914770335118,0.04202467517140529,15.274670554999243,6,10,5,1.9364106598825623,0,0
1,272.04089461279506,0.7399041207669304,11.452100726254137,8,4,5,1.2397006212843258,0,3
0,233.081823768913,0.9180765521991506,8.707475446623327,9,5,5,3.070397860215231,1,3
0,217.9220814019713,0.28003732955048943,13.914914747878148,1,2,4,1.4977368317870208,1,1
4,268.788368876186,0.8583416767991209,13.457586057720901,3,10,5,4.848783505111966,1,3
2,316.58321111238035,0.29221823046189777,27.13358243172761,7,1,4,2.1596990505321143,1,1
3,271.0059045512691,0.9107701616439152,17.16479912680348,6,7,2,4.411776813537172,1,0
1,71.13880380678484,0.7539619035967839,8.111912496228815,7,10,1,2.5504985008098373,1,3
4,110.4296123285009,0.8049067768414386,12.176129979145289,8,1,2,2.2927769994295097,0,2
2,156.2626995613025,0.0180065556004545,20.106916477146992,6,8,1,4.740634289506485,0,2
4,201.82637351475836,0.962810357074026,25.442213864349625,3,3,2,2.453290288344896,1,2
2,236.23613143283862,0.7266709920703233,7.070083438810208,2,10,1,2.561151634652546,0,0
2,149.1979330792574,0.3047510953861333,5.600378074304775,7,6,1,1.4243671184516367,1,0
3,213.07367351339548,0.8293946648588469,24.35482587685891,1,7,3,3.681786661130037,1,1
2,147.12319473526742,0.28152119841492995,16.94807088685452,3,10,1,2.155357657910054,0,2
4,157.19375379056362,0.872753839566128,10.658536340618168,4,1,1,3.342416671358029,1,1
2,101.53372322062444,0.11258039041193701,17.673145430612177,1,6,3,3.365406816212838,0,1
3,135.37367277223672,0.7036859774607958,1.8212613049156108,5,7,5,3.876798782383068,1,3
3,105.38207760685664,0.5406984766449103,15.016877532985806,10,6,5,3.980965944689765,1,3
4,131.6888722915867,0.09653447019544081,16.639105864215427,3,4,3,3.0578097376061577,0,2
0,273.75492576254874,0.24189382825883898,19.62135069768915,2,1,4,2.323967790413612,1,0
0,133.542077781764,0.01240403627731479,9.930520238537312,3,9,1,4.349803579338936,1,3
2,384.26674453861733,0.46876796546450583,15.428435807016795,8,4,1,2.239462597633939,1,0
1,234.53225306166223,0.3012652607600004,10.372876869702063,6,7,3,3.030036377877326,0,1
2,212.93852865864116,0.5983574842977588,16.276918778371584,7,7,3,2.605010332814912,1,1
4,139.91495538731505,0.2972378077086172,10.52326838818488,6,2,4,4.420313543878752,1,1
4,249.02169155862939,0.2999191115069847,12.959495804198896,6,1,5,2.727674124583315,1,1
4,159.70535216335583,0.7431931987316034,10.020923026048855,3,8,2,2.544396755349937,0,2
4,208.5406870251753,0.04814283597835345,18.255681209118286,8,8,5,3.75929477159055,0,1
4,379.20591767881564,0.9028949951919872,19.29225558328333,7,7,1,3.409764439445771,0,3
3,193.2758070192745,0.8522638743911815,13.82689715021293,7,8,3,1.4289873339833843,0,1
0,280.44913283999733,0.6678046832264065,15.191189974800142,6,3,4,3.032675225375853,0,0
4,150.77765024118787,0.5932215701073843,7.75704292683228,5,2,5,3.9419135533329905,1,3
1,197.5508056652127,0.8923024981396522,13.501616759966065,10,7,4,4.9682990583654245,0,0
1,323.9560444944857,0.18533017952871444,14.748976914791276,8,8,5,3.5165873358812765,0,0
1,156.11230595485628,0.07896916219082861,28.103965455149876,5,1,1,2.481172265765271,1,2
1,326.871399059785,0.2395101699095381,9.440164871129182,9,10,2,1.9046063992084736,0,2
3,249.54263548188328,0.7945782787001903,22.32088619376219,9,9,4,4.491320936613281,1,0
1,160.62732568740125,0.03467026672648332,19.98429386732904,1,4,4,4.258260848454011,0,0
4,244.26854173388648,0.5828068350834896,16.403182022450682,6,4,2,1.9356912831175395,1,1
2,268.0788114738711,0.9954375161913099,23.793102420975668,7,3,4,1.8025283605862938,1,3
1,243.52669735520374,0.8556960938375394,16.860527363034315,3,6,4,3.8605471072447024,0,1
3,90.08426960766805,0.5214456890435895,16.945795978339643,7,1,5,2.259808247675038,0,2
3,149.1003976922592,0.06364090928664234,14.734396734912274,7,6,5,2.2255951934478313,1,2
1,182.67369551139467,0.8313735143857098,21.117844412093138,2,2,2,1.609160988270621,1,1
2,194.78965996299675,0.5989785081772105,20.482346169054416,7,9,1,2.0559020788393196,1,3
1,243.44704682854746,0.11493299705956683,11.871613562518938,1,2,4,2.7100302303705983,1,0
3,212.43907006532777,0.0938572848233562,8.403764027006163,5,7,1,3.931353349089662,1,1
0,106.52589489029292,0.9096268194365924,13.985096813021714,9,1,2,2.345232377654999,1,2
4,226.61384957041741,0.6692002629380784,10.999807178011768,7,7,2,2.3144173579193708,1,3
3,242.7410021698676,0.8292867993167555,14.682377126923225,7,5,5,2.1396530102097433,0,2
1,239.1853313551728,0.8789789002822673,21.187190673420695,2,8,4,2.913134670044172,1,3
4,275.6546507888235,0.5717723520483222,12.713491724566051,8,4,3,1.7225467917652613,0,3
1,258.3745508184233,0.5174463517550413,14.785883093442125,3,10,2,2.942522936128502,0,3
1,232.14260554599056,0.4304274103209902,15.290113674041976,8,7,4,3.8167022247787594,1,1
0,195.0884001978947,0.3169465877911193,19.242154411026423,3,6,1,1.1191620161304887,1,1
4,83.7327346538806,0.43459596085871177,3.7655533300769743,10,5,5,1.0391175212230475,0,1
4,230.073275339281,0.7738796557301564,11.966498526173517,7,4,1,1.300491640618037,1,3
0,214.5381381014178,0.6019234310151316,16.056418461397364,2,7,2,3.1426402469124484,1,3
3,219.01051860367613,0.8925232899548461,21.000394782134308,4,5,2,4.417820332741614,0,2
1,110.62759969257834,0.4433800143791877,12.540487762468974,6,5,1,1.0195378640810078,0,0
2,124.32604217142163,0.607089578718754,5.61723646979063,9,1,2,4.746645218338724,0,1
1,273.72069973330326,0.6313075530919887,18.098557229830682,5,2,4,1.4251140462821432,1,3
1,197.23113923003416,0.5916971623063255,11.823188055871853,9,5,2,4.367934112232906,1,2
3,247.70504881608372,0.7026337730855163,9.051666704548193,5,3,5,2.931419059931787,0,2
1,201.98228632913228,0.23743346837480628,11.87827305143388,10,2,4,3.637429549115376,1,2
0,202.08292976470216,0.5123637775457907,14.077373211720753,8,4,3,3.0427319377887296,0,1
0,265.6798664183198,0.10422480280834767,11.976276677308936,1,4,2,2.9081929007174185,1,1
4,163.87686902478384,0.38451132764481255,3.9721697145046537,7,4,2,4.339597713457566,0,0
2,206.72845438586884,0.4876670686212644,19.485330984435663,4,4,5,4.023545518271265,1,2
1,167.64072979064701,0.6522242595454725,21.374375206393612,5,3,5,2.9336089460920167,0,1
1,169.5852640797379,0.9505310525862035,18.25760995669753,6,7,1,1.4465437175842464,1,2
3,178.35795135719525,0.6006510665483559,9.311571647875917,5,9,1,1.4616118372576326,1,3
0,215.5493640143599,0.7435939161765598,13.99254233026241,1,5,1,4.206157842876301,0,2
2,166.4875964835566,0.5062660594952028,14.967393423852709,9,4,5,3.117562485390134,1,0
4,287.90292879014646,0.6341040313763313,17.993971947809552,2,2,1,2.9263565608774504,1,1
0,137.37748884463474,0.07093221613377343,18.341702443590403,9,2,1,3.7222673654428604,0,3
4,186.91898490870486,0.254391580841847,11.32913100610752,10,5,3,4.435366333657042,1,1
3,169.21882592080775,0.3618530932051387,15.409977782067802,2,7,1,3.515492577653221,1,3
3,301.2884519047613,0.47249335500651357,17.286402023076207,9,10,2,4.051391609385917,1,2
1,213.75883435581022,0.045648745502383736,22.279111610733832,6,10,5,4.061082096467828,0,2
2,272.22911776280444,0.14002409755331768,18.522532699123616,9,9,4,2.4250457951718363,0,0
4,96.01077388741196,0.2768143077913058,18.945283436877595,6,7,3,2.096332782563983,0,0
0,218.69351861084812,0.9715326909010507,15.419133139646805,6,5,5,4.204656268700635,0,3
3,262.2741556936406,0.33134700710305076,22.05229572601752,2,10,5,2.508715167136974,0,0
1,205.7598792492797,0.48204105811208253,17.048813979797487,8,10,2,4.613344026090821,1,0
1,274.5836262545746,0.19609771273839294,10.694560449132148,3,10,1,1.2787627869204785,1,0
4,163.78980849297395,0.6107800710757683,22.016849850625952,7,6,2,1.2328700483013586,0,0
3,298.6543208129906,0.2806832155159743,18.489516362695138,5,3,1,4.708016640405633,1,2
2,360.9228686533475,0.20699257843842678,12.784779894357587,3,5,1,3.5938196567257394,1,0
3,174.60130076922385,0.5165726284459791,12.602535163003783,1,8,5,2.5183974257933293,1,2
4,168.81482350194597,0.005505799160420821,16.48287772570381,8,1,1,4.020241659264731,1,2
4,301.73691339823904,0.0076640326492253275,17.315923976337924,3,1,3,3.689307239974565,0,1
3,310.57005020114985,0.21906880910185778,15.986461328156032,2,7,3,3.124804187278385,0,2
4,163.3997980992712,0.03672136250082114,16.556543367214424,1,5,3,1.3954933706506054,1,2
3,170.58692280328998,0.10802575413069138,23.499786872881902,4,5,5,4.248718349171006,1,0
0,180.2750773797645,0.3388606493387516,20.35771576117443,8,1,2,4.464092762722499,0,2
3,105.88846422760061,0.8025856795798129,15.953177956325122,3,9,4,1.6886747542105964,1,3
3,135.69436374610612,0.5720486433693008,19.706552903837416,1,1,1,4.402046607908266,1,0
4,129.71014632735523,0.5126677259564164,9.837380482362303,4,5,4,4.511389244066256,1,0
4,146.254170442711,0.29348882320812164,16.989635249734043,9,10,2,3.197714449154064,0,0
1,197.57205788292532,0.9317537194328164,24.04653174866555,1,9,2,3.624716144890748,0,1
1,216.39503127755646,0.39701504123719167,13.90977052303813,2,4,5,2.5289492800579656,1,0
0,308.53503449698536,0.08709276679577149,10.761830356904575,9,8,3,2.127166590037064,1,2
1,130.11521714828461,0.6170665161178013,11.739555557034697,2,6,3,3.887932587806579,1,3
3,268.90256789336087,0.11383839347660141,9.551834813288059,3,3,2,4.447500596063232,1,0
4,185.02078090421438,0.3452231428016921,11.076190459361483,7,4,5,3.61631021182299,1,0
1,196.53754032432968,0.5074119387178089,13.147459507049856,3,2,5,3.046362442586197,1,3
1,247.23736445166224,0.8742225246851758,7.97216490410679,9,1,1,1.6356990673766862,0,0
0,121.4094584906391,0.49354658034011867,15.078091669748016,6,8,3,1.2138348504192726,0,1
0,226.76868223288355,0.7022587660316643,19.511385868933235,3,1,2,2.7827671609869857,1,2
3,211.65165457491392,0.9928168389990704,10.4612190992654,9,1,4,1.197398254789685,0,3
4,234.47158848057043,0.13148911989798162,22.596419618208845,1,4,3,3.2773385276289004,1,3
0,220.24180507354725,0.2747315255195195,17.553960442637973,10,10,1,2.530916765271085,1,1
1,371.8710097937626,0.3945760755976464,20.152902928120287,3,10,5,4.028756478727878,0,2
4,155.3582011024079,0.42182817853883137,11.710827230739316,1,6,2,2.222593987344734,0,1
4,162.83021314987275,0.41102107526554577,19.272626135333077,2,9,3,3.3719308038697284,1,2
1,156.3801631502665,0.9076110025565549,9.540330498023435,8,1,4,3.150734087020402,1,1
0,161.11660165878217,0.7140326444668564,19.451237504182544,7,7,1,1.0188497020889646,0,0
1,155.38290108854375,0.6079052140907037,15.859196698967656,2,10,1,1.2895575930572414,0,1
4,283.23115717752864,0.3093727178627821,17.76625609992392,2,5,3,2.161472849944082,1,3
2,299.43529735928985,0.8237903842212947,9.12202697187574,9,8,4,4.52894032408306,1,3
2,160.04775943753666,0.9550605114849889,10.524650788616977,6,7,1,1.5880598195991142,1,3
3,141.735109882704,0.8211982825502265,17.986141091266923,5,4,2,3.8435773218421665,0,1
1,232.99908894704828,0.0015651051914729042,10.258259978878996,10,4,1,4.893466264609149,1,3
1,161.344386900332,0.636401370183407,17.316031460495616,6,6,4,4.162270210764621,0,3
3,244.30522724288576,0.051135381442100725,8.164310967698771,9,6,5,1.9717814467481758,1,0
3,214.20461145959098,0.25760722033372185,19.24087106333334,7,9,5,4.6334610416523265,0,0
3,93.89791195019376,0.059524700347771686,8.837383426157455,10,5,3,1.3724286260335603,0,2
4,308.3253640931043,0.6037954529493877,17.761499688397617,10,8,4,2.872567767482943,0,2
1,325.7114371166865,0.6865899134926068,18.128154668230003,9,5,1,4.550167630905655,0,2
4,157.10479166609298,0.11448763806590512,11.516140907852126,4,2,1,3.565062837027479,1,1
3,172.8608908044811,0.3838388830449795,17.910132835423635,2,6,5,2.6545782589107954,0,2
1,220.01057735074335,0.456236508955542,16.30221131666778,8,9,5,2.171251466948675,0,1
4,223.41197529909175,0.3690530217609166,12.30579071903631,4,3,2,2.5003976212734,0,1
4,246.09809908709815,0.12102500048519305,9.95722657961896,9,1,5,3.035767124037145,1,2
3,340.7143177136445,0.4189477901874754,5.186871541637105,4,1,2,2.2761757194912295,1,2
1,187.61369407541653,0.7511780478084181,16.748250236498468,8,3,1,4.875871448329199,1,1
3,144.11919288230825,0.07100766453325547,7.175986143189724,9,10,2,4.73231061226458,1,0
1,103.44765403898309,0.08018001408190345,15.476720997206542,9,5,2,4.482685872857283,1,3
2,148.83489720406567,0.3547712918359842,13.682758919588755,10,3,3,2.6873193420906136,1,3
0,197.68111189883422,0.941725711618925,18.39571387719098,4,9,5,3.7652070773409156,0,3
0,325.6190504462451,0.668572646722914,13.489772502550679,1,8,2,4.611317228143859,0,0
0,163.767209067468,0.6786699566725648,13.352761068264543,3,3,1,4.401717950715712,0,1
3,215.6651566147229,0.36191999083786497,18.659353521441478,9,9,4,2.6573080560808306,1,2
2,198.85039727490735,0.5936607912085384,16.675290145420586,4,6,2,1.4495441972890428,0,1
1,283.18752914136587,0.010131184027743378,16.58077978591389,5,7,5,1.3025214553381979,0,1
4,376.88526981115353,0.6360960464095422,17.34633794904263,7,4,3,3.3082561809028106,1,2
1,162.83918589557754,0.9132869475762367,7.322139383964471,5,4,1,3.5705117408437266,0,0
4,165.73923902372445,0.6125734683448192,18.78394339993491,4,2,3,4.399370418388097,1,3
1,273.09126139483504,0.873698593466345,18.06234397006801,2,5,4,2.170060081364124,0,3
2,247.7324042738418,0.7239730554660938,9.916584357117515,2,8,2,1.66988196220017,1,1
4,329.26951280152235,0.12055841640369025,13.779597631628993,4,7,2,2.516023332712798,1,0
3,240.8749729728175,0.9024533072858417,14.803463561861845,10,7,5,2.4143004945291002,1,3
1,174.84955364490582,0.06644384435577488,14.327516077991337,10,6,2,1.529875816071419,0,0
1,241.34583814846167,0.5339674725477638,16.669299832842672,9,3,1,3.6891306100526084,0,2
4,277.60925064080357,0.14213712379345766,22.156833909155917,8,5,4,3.034767762917504,1,1
3,257.4337526838155,0.011706610730904066,20.408833638364143,3,1,3,3.884491024459065,1,1
3,235.50918217751084,0.422034260127639,8.438904032842968,9,7,4,2.410764480678939,0,0
2,274.6672282712408,0.29504070765415624,18.110349951530242,5,9,2,2.302808846310809,0,3
3,281.8506913311971,0.486000493797603,21.64466659767705,3,1,3,2.8903034121754225,1,0
3,296.7511293726269,0.5771998867345508,16.934042603446013,5,2,5,4.509629381580588,0,2
3,245.409692131275,0.04373907230894736,20.454902125929834,10,3,4,1.1611252269359214,0,3
0,188.3017343778202,0.12300329512374564,25.061352228503825,4,3,3,4.219331269185888,0,3
2,210.2699580503326,0.5586423964504253,20.118547730534907,8,8,3,2.475950450631026,1,0
1,284.455627655585,0.34316735317265823,16.246542978208645,5,7,3,4.41847610315391,1,2
4,142.8145030308935,0.729173487549448,20.225442370423767,10,6,1,4.208812035343426,0,3
1,225.80713162110308,0.6522916485919397,15.724439165484457,8,10,4,2.3950449895843535,1,1
2,172.46628313708476,0.8456043629899068,15.119515216424777,9,10,3,3.775506141286464,0,2
4,202.01213760543723,0.6924928266692253,13.242928821431338,4,4,4,1.6385310270937605,0,3
2,289.4916303825109,0.42993107739014813,22.81706679416054,7,9,3,4.5851262086551525,1,0
3,213.37693476139324,0.6729666223944324,10.907856670289993,2,1,5,2.6179642578076376,1,3
4,203.2505583709304,0.2753811742554185,22.66183862339058,6,2,5,2.8225024614208007,1,1
3,104.81007013140565,0.3063134987782127,17.49932061870186,8,4,5,3.8230362041479395,0,2
1,252.23774962190544,0.7889851599207933,8.003469125990293,7,3,2,4.283360946819403,0,3
1,245.18389267987527,0.4464195164015822,16.83824646495711,7,1,3,1.9453709733128384,1,1
4,351.4278306313822,0.7983803405183525,4.49986746174188,8,5,2,3.6454005595079817,1,3
4,178.45552355328994,0.8224223736682784,18.12754008415518,7,7,4,2.567992175556594,1,3
2,215.34052293647574,0.8575623376612838,19.426157414944953,5,2,2,2.4748116960158453,0,2
2,217.45685785975286,0.9166352358412073,12.038220221739731,7,5,4,3.760103295762619,0,0
3,310.4217295834432,0.43098522051329624,15.61773847977791,10,6,4,2.5487330966237374,0,0
4,193.32931273291337,0.31886681832113883,24.770787168751433,3,7,4,2.3844340006576306,1,1
1,219.53150680392375,0.5821987465941139,12.471266478690318,5,1,2,4.343553632504969,1,1
2,242.55275568015776,0.3711724234376276,9.705462064716997,7,7,3,1.4051044953240255,0,1
2,213.06263862094508,0.601074166800233,22.408317012312992,9,4,2,3.7035704913208427,1,2
1,168.74964698146303,0.7055858626438246,24.812935952653973,2,8,3,1.9949015751624986,1,0
2,213.58629950288153,0.6884050184921369,15.018478359239237,4,4,3,1.0619929673047612,1,1
3,275.15422249018405,0.37455288702012135,20.05731517704178,7,6,4,1.667057075490768,1,1
4,128.1439290412258,0.16686020169875282,21.707379577654407,1,9,2,3.426646119103471,0,3
1,209.30787719028132,0.43052933846220753,11.287578837308079,2,5,3,3.8365087659437496,1,3
4,150.99154295425788,0.14259414408190874,12.573470823160658,9,4,5,1.0842311342252802,0,1
2,283.653264024739,0.8900970351838083,21.154372565773674,10,8,3,1.1457017732068806,0,3
2,93.37691666513577,0.3458774607378574,23.425071393542545,7,9,5,4.610168459371812,1,3
1,160.87547069098883,0.15445974722332378,17.814404300871775,10,4,2,1.2932232724548793,0,3
3,226.40483125451647,0.025447759905750877,10.600928232489728,7,3,2,4.576728634466285,0,2
0,309.58668204640384,0.6458223862864843,24.935305558497205,6,8,2,1.9126636550036231,1,1
1,195.39748172489087,0.6369023174547432,12.345145510940178,3,5,3,3.9600712006328513,0,1
0,161.1360331314761,0.34060416658129167,13.324311094142741,10,2,1,2.2389329957840483,0,3
0,331.68099486084134,0.071711888847651,16.711689172448107,3,10,3,4.435008102436735,0,2
3,98.63902697086291,0.409628894895232,22.77080210357387,2,9,3,3.8018194616974315,0,3
0,46.08358303659426,0.3112174950633936,19.269879882761117,6,3,4,2.6072538344067806,0,2
0,230.80101150373326,0.6771206397350094,17.074327501809552,4,2,4,1.3052098166963182,0,1
3,164.8562042953172,0.6057792494526903,17.31644265059053,5,1,3,3.930800735483228,0,3
0,128.51370280085007,0.36459372819754,15.21757334321733,3,8,5,3.467539023860726,0,1
0,249.58495131095475,0.2178925542549901,17.79069757259253,6,3,4,1.011646871335155,1,2
0,217.06604996398391,0.9880359661555919,2.3521996115284853,3,7,3,1.0376794238897813,1,0
1,160.51449584842902,0.45400162119611487,13.516962704651007,8,1,1,4.235171892770776,1,2
1,110.37869209303739,0.688274235780237,16.206609674583905,9,1,5,2.0375989552074154,0,0
1,261.0720129796101,0.14055296757836078,9.244929581902465,4,9,2,3.5445346709122627,0,1
3,245.51408245710627,0.4855896996593978,16.9316165890578,9,8,3,2.81685767906099,0,1
2,193.0576895354432,0.027536719869465487,13.977643895069392,7,3,3,4.453720058087069,1,3
0,329.2645897233366,0.50545511791045,23.77737849157745,3,6,5,4.6678444524099545,1,0
0,125.09406635716932,0.9640174071177023,22.865098626074282,7,3,4,4.987230850715417,1,2
3,93.21323803526828,0.3842067129858002,12.670972154409185,1,4,4,1.6147365432289873,0,1
0,151.56643510831287,0.03899601257491159,14.245811442166524,3,1,4,4.451856185901901,1,0
1,196.80897885511516,0.03095579091934353,14.630262171958037,6,5,2,2.064085506915207,1,2
2,217.03376145258844,0.3879867599468695,12.741702619201886,4,1,5,3.3632634995820307,0,0
4,183.1134759500569,0.16002493646319405,15.975124920140633,7,1,5,3.0230913354768436,1,2
0,224.6438777560008,0.023352096328185912,11.208589655562049,3,10,4,1.0719525262895506,0,2
1,112.39224030666891,0.7562136139501768,9.346923325312368,1,7,4,4.731085119624379,1,2
4,301.06352228512816,0.4585230088818907,18.113556119501343,9,6,1,1.3133082205968738,0,2
2,194.24941751252018,0.2892447719726545,18.147647921109055,6,2,1,3.7528756776309433,0,0
4,278.21070821116894,0.9000831830164807,10.978421201700037,8,2,3,4.140027344833048,0,0
1,223.9907742464393,0.11613896020052561,19.476777153812996,3,7,3,4.181151396190737,0,3
4,231.97272534076487,0.9559188289553192,11.842111354173344,8,1,5,1.5419780757153791,0,0
3,239.88370961625427,0.3139667173773528,16.265826190189905,2,2,5,2.7902798020318884,1,0
4,231.33959920121205,0.8884036723086812,19.10172006306228,4,8,2,4.317715481735919,0,3
0,244.99059319072808,0.6029428764794615,14.831937176481436,3,6,2,2.2107168415150187,0,0
0,293.0406771092702,0.8267073597414875,17.27370456070567,10,2,1,2.8709947014986543,0,2
3,213.75648187910292,0.9840131632104643,12.417851780562142,1,7,3,2.091175570799383,0,1
1,249.63026303119585,0.2884054378187457,14.017667082859514,7,4,1,2.8542056715412967,1,1
0,193.71850139989414,0.961135485407593,13.970702845598298,10,2,1,4.55135169037152,0,3
2,300.8082050814631,0.38948189490242036,11.267108267298806,2,6,3,2.8204969241310778,1,0
0,152.6525388558511,0.3855119047369223,14.116129184421089,4,9,2,3.2236480682972815,0,0
0,326.0658303037571,0.3403871042545057,7.256908505681267,9,9,3,2.615905133212334,0,3
1,197.18894345489596,0.5414076073475852,12.544231264289476,6,8,4,2.840468732813302,1,1
4,99.84574285173663,0.1541450431784871,13.575622533151646,8,3,4,1.0606967961856868,1,2
0,208.96730904375525,0.5537114853580112,13.7191012375231,2,3,4,2.134982039841824,1,0
3,152.32638397675834,0.541704812410004,13.792512770646105,7,2,5,2.7463268869672977,0,3
4,258.8450484292107,0.76190181260487,14.691179000699355,6,5,2,3.5351879039709155,1,2
2,154.31632144883264,0.8336499619375856,17.39720759043032,9,4,2,2.8002077222155686,0,3
1,168.76715967496543,0.44044135031242404,19.372585370662613,7,7,5,2.351268173286256,1,3
2,67.73214883381283,0.30233324935149375,11.751173865758664,1,4,1,2.5523949413766287,1,3
4,168.33855765256465,0.25933489731709447,8.983995723054278,8,9,4,1.9691733168018661,0,1
4,30.328447135973022,0.19462383670487193,9.789777938784486,10,2,4,4.697977131096211,1,1
4,89.12680235599937,0.05764758219902488,12.563985394025364,3,6,1,3.0869729031636584,1,3
2,253.22902593010082,0.34244797883471334,13.240393410917454,2,7,3,1.0536378154884924,0,0
4,255.00601110555826,0.27024769213078326,11.150019669012714,3,4,3,1.0777850336781865,0,2
2,229.78202932494753,0.9664173858664074,8.519416678750527,6,6,2,4.891846539808166,0,0
4,132.3116699809551,0.5577088262500439,12.719395862629058,3,7,5,1.8858035654929801,1,1
3,196.6602050700614,0.34727703903050755,15.907133100569856,10,4,2,4.222433155257258,1,2
4,199.74782226366023,0.580467600993696,17.975147329177823,5,8,3,1.233101206242298,1,3
2,118.914471756522,0.1391967013456955,12.212884734458394,6,9,1,4.684650946778197,1,0
0,305.23788112370056,0.4440437492022029,12.935010889282829,8,1,2,4.497668014666713,1,0
4,261.415360340297,0.6262343214210638,10.366508455763446,7,7,4,3.2843726497380588,0,3
0,184.5325078319235,0.4888978317924514,14.842804148126119,8,9,4,1.035994629133023,1,0
3,201.88200872961716,0.40177880065432425,10.757856829045927,3,10,1,2.0312434960933503,0,1
1,214.58679655632866,0.9938483888996982,17.865639066206,4,5,3,2.62729058959386,1,3
3,57.07855921029966,0.880314762148927,6.070667540329444,6,2,4,2.840256466990247,0,0
4,182.6975832235582,0.6234059581594401,13.201851637737688,7,10,4,2.190715034249488,1,3
0,152.2611026401541,0.5693773611822828,16.50553669595871,9,6,5,1.13179147298212,1,2
0,129.8865993073559,0.620660479824584,15.919172581612521,1,7,2,3.3605096237061685,0,3
2,180.32297949798317,0.20131210782243325,28.46516831990248,8,2,3,3.0966186707790238,1,0
0,325.8380568794666,0.3951377432643186,16.749000122839536,8,2,2,2.132002541716311,0,1
2,244.85900028869068,0.03945953289089932,9.979727015789948,6,10,3,1.1519038702784261,1,3
1,160.01747071520424,0.47554603748682667,14.522678764554636,4,10,4,4.978376748887761,1,3
4,240.08079469493111,0.5430245839576632,6.118768332667742,3,1,5,2.9279447473056237,0,0
2,297.95488056102016,0.2277497361032096,14.597001253516195,3,4,2,4.024016967096308,1,1
1,264.72435780389384,0.9640288471655137,10.834719714996208,6,7,4,2.809256140205342,0,1
0,204.17412589441219,0.909454610937242,19.57695137780081,8,9,3,1.1726811634517658,1,2
0,154.7144255606098,0.7221432354559059,12.252298627022325,7,3,2,2.2384029803420002,1,2
1,248.8756319529513,0.5333866287653626,14.416170421023766,1,7,2,2.2804405640236047,1,0
0,227.54397697952248,0.869969159647685,11.822210792977984,6,7,4,4.353411616196064,1,1
1,262.66352540194123,0.1306523438234629,23.694256759266658,7,7,2,3.6169199119994975,1,1
2,244.46202611773788,0.790509794274885,13.393786169410442,7,2,5,2.1017196145578914,1,2
2,273.46869007235347,0.1248208139668483,24.162785217396006,9,6,5,4.870959818636344,1,2
1,162.53353519076023,0.7942106625494054,19.070758810591332,10,2,4,2.2861673295914855,0,0
2,292.2175845944028,0.27576756825135695,17.41033363667693,5,6,3,4.992936103314881,1,1
2,213.83197232846797,0.8770905810181889,16.8436657365876,1,10,4,4.984654772681052,1,3
2,345.2682610837686,0.9440420938253978,16.968986491081257,2,3,5,1.7648420709869672,1,2
3,151.75685273373026,0.14879596940511564,5.361637103271949,4,2,1,2.2509644647536007,0,0
4,321.5174662215675,0.4626756050653935,13.605583029246217,5,6,1,2.9441767939386168,0,1
0,213.85375484238534,0.9809873781626851,19.225789855921608,9,2,2,3.656402684591564,1,1
3,154.40073974698862,0.4834074359731466,14.755514082629473,1,5,2,3.112189796015197,1,2
2,166.1279916161975,0.8635475225145451,7.974050765982125,3,2,1,4.877765876529027,1,0
1,177.5756884263976,0.5887315221313199,14.737977747112653,5,3,5,3.895956656942766,0,3
2,229.69161624813415,0.37532990791960186,23.520527581277456,3,3,2,1.8481793975318976,1,2
4,236.59848416248497,0.2857835555258702,21.234458577673596,4,6,4,1.4203902008545533,0,0
2,159.84099972429948,0.20322309108608727,14.689979953169841,3,6,4,3.753605162837427,1,1
1,198.2951785417312,0.7617981913776972,19.757246385290433,4,10,5,1.633809760723052,0,3
4,349.95892510283045,0.3865405068230279,13.167464898159741,1,3,2,4.1507073613430165,0,0
2,320.9280219070498,0.5112754622007512,6.480642065866405,8,3,4,2.244146669041348,1,3
4,230.54265687718225,0.4923254800011819,10.377670059352228,4,1,2,2.307573052222426,1,0
0,202.660243471774,0.5772790292331312,22.81444384254099,7,7,2,1.0431935695580479,1,0
0,208.4021928702783,0.8655771456245522,13.630034590853478,2,8,4,3.8040450683801628,1,0
2,242.94625809112915,0.9807393435834294,13.78308010312491,2,2,1,1.4530790122587431,1,0
4,128.40452043611162,0.40758420857381694,13.500809018625597,6,4,4,4.0915223098540725,1,3
1,181.98364238036584,0.8275189221063031,24.520682947865033,2,10,5,2.967471287668827,1,2
2,83.19911482856874,0.7645277946547177,23.129794576810315,6,7,3,4.137119259818276,0,3
0,227.94561858236955,0.5735289514555733,26.09390116724067,2,8,4,3.335706156790965,1,0
0,245.30371577919186,0.9560471436119331,14.204773947999744,4,1,2,1.329733088075963,1,3
2,166.17694763904382,0.20047451552840279,16.478122443735476,7,4,2,4.062609346820732,0,3
4,310.1790734303023,0.10926421030962141,7.416787252896045,8,6,4,1.279197939578999,1,3
0,114.19640358983611,0.8539619669554221,22.384672130591373,3,3,3,2.914806882277329,1,0
4,97.49375838531259,0.4391498166337483,9.161102243660325,9,5,4,1.6893968565798532,1,3
0,215.71162729919803,0.8469688542070605,16.083877818813146,2,10,3,4.009340711911539,1,1
0,273.2968811828508,0.8930902051954149,9.513487361835779,8,9,3,4.646364911224506,0,0
3,317.8749384020508,0.06245759361907144,12.05566586630652,8,3,5,3.216504653433097,0,3
0,167.87810159917422,0.8834647629860607,10.813687844751499,4,5,2,3.108589177196722,1,1
1,275.5076583401907,0.4483190553694222,11.96062369662091,1,8,2,4.055852785302472,1,3
2,197.3044071349505,0.5104324890042322,12.304386484255108,1,6,3,1.0203152519029088,0,2
2,187.91608900414263,0.6265925110932102,12.258656025374615,2,4,2,4.671034570540643,1,3
4,261.8561956240671,0.9263826067300868,19.166669558901535,9,8,1,1.7897952683645268,0,3
0,245.66260148893937,0.01911609442976403,9.4756860346874,2,3,3,4.9364755353049485,0,2
1,89.65254901110254,0.4768434683178171,16.102707135069334,2,3,2,3.9450157918418487,0,0
4,303.3578244808127,0.6877220424305607,21.089795761527792,6,4,1,4.097004590802684,1,2
3,296.6063947903216,0.7227069576982285,12.43401817743302,7,9,5,3.6248119214944263,1,0
4,156.21061089433294,0.692532431537108,11.410405546261991,7,5,2,2.886652731140641,1,2
4,227.70624734061863,0.13443512940812186,13.847376874098746,9,8,1,3.286510773444662,0,3
0,234.58211303979172,0.29939558837168123,20.898626041803553,6,6,4,1.1856115440605026,1,3
3,218.24716360767349,0.35871552541701346,15.970538154766789,8,3,4,3.495838037728057,1,0
4,161.4786392308206,0.804437207679505,12.343928526962006,6,8,1,3.504392407948187,0,0
1,152.9863642443364,0.278759872414553,17.419383255940197,2,9,3,4.564803189607238,1,1
1,198.21121503059882,0.21070496386720317,9.488539250817883,1,8,3,3.0226254297208777,1,1
2,282.0910313481555,0.9574480190380962,18.40679755221474,5,4,2,1.308577496344244,1,3
3,238.05201082161028,0.0088632851134689,17.043036538508836,9,6,4,2.224783681928325,0,3
3,174.05699675397258,0.9978208556819782,13.46095764430558,8,1,3,3.62251764845727,1,1
2,254.01890974538412,0.6768212988573956,10.807071007763845,4,4,3,1.9570354510058556,0,1
4,0.6020165558947213,0.8284692994491171,10.566595388582714,5,8,4,2.1221112874216037,0,0
3,280.4135990260472,0.29461939634619316,17.674086681729552,5,1,5,4.281876065443414,0,2
1,78.22003548553303,0.014315277667059978,21.14490251244531,6,3,3,3.337278927050836,1,0
1,174.62913410178075,0.73786951856153,11.813461264856027,3,1,1,3.03410972709429,1,1
0,121.62310737616993,0.8341445970006758,17.29193351775742,5,9,2,2.2738078672232174,1,3
3,109.37229669953659,0.7404761319535191,4.564864906989657,2,2,3,3.9237121437321334,0,1
4,281.2578751164964,0.1428502873008386,12.076911346714002,10,9,3,2.1508737379601173,0,3
2,167.2609159081676,0.7534279222569691,14.84470533564549,1,4,5,3.948254070576701,1,3
2,224.2552717211501,0.768922782107641,10.451582915090832,1,2,1,1.280405921069768,0,3
4,196.71555947845712,0.6585405156700549,10.31746812605202,10,4,2,4.458165366328334,1,3
0,233.3928579056185,0.7661159327955862,11.661102217655568,7,10,3,2.998265853503731,1,2
2,205.37753237421788,0.8459214396777321,16.460963641631867,2,6,2,2.75403206679588,1,1
3,110.19054430680012,0.6136041142374584,14.063354907968126,4,7,4,3.444093646167698,1,0
0,269.7386773612998,0.08860471396967906,3.808843833375139,5,3,3,3.4967682915850817,1,3
3,165.43703917870812,0.48762780966721087,4.396499236824669,7,3,3,1.5281407075599822,1,3
1,91.03926709381743,0.07764933467160506,11.965674110714122,2,10,4,4.0249343592648525,1,0
0,170.03193873238612,0.40754303103243084,17.28843293026776,6,8,5,2.1037131918002516,0,0
2,305.05318534440175,0.40710648912562764,1.2624757863738267,1,5,3,4.619847520679656,1,3
0,259.5155219479445,0.06600984414024158,12.501349119241848,7,4,2,4.2714026536593295,0,0
0,175.59435059144985,0.3488205339694793,12.368760717412894,9,7,1,2.385064166138994,0,0
0,175.55196069770997,0.11099809879131484,21.94168889104224,5,7,2,4.230957172802858,1,2
0,177.48554641478322,0.8082352100092222,13.074890941435681,5,9,5,2.4255619971996167,0,0
3,345.37235884925883,0.9476880259644708,16.914944923704642,4,9,1,1.4037907265441625,0,1
1,226.73548165620872,0.0723164752579386,15.706285700437316,3,5,2,4.847552954902832,0,1
4,230.10291530337489,0.9551152072917014,4.3471676009639975,9,8,2,3.61040806086176,1,1
0,272.11984178222895,0.5225765993367452,18.841036083158688,5,10,4,2.8243981066503667,1,3
2,216.71524113185595,0.2995656779538739,16.07698252728144,8,1,5,2.5910934061241586,1,1
0,181.86704979255077,0.07686207527616351,17.54134319837295,9,9,4,2.298821337033056,1,2
2,186.25551056405152,0.5006242680704178,34.63118853218163,5,8,1,4.925790381716517,1,1
3,194.98791184101552,0.7945155444907487,4.579435302507058,10,6,4,1.5389890605236296,0,3
2,197.3944434443111,0.7070864772666982,23.62348324880554,9,3,5,2.2592202356822733,0,2
4,250.93406805458858,0.05022601146397376,13.562762402998223,2,3,3,2.941990561130654,1,1
1,203.63621200651096,0.07290183536790351,16.436644522015047,9,8,3,2.9119981802172457,0,2
2,251.28480540509054,0.4028732826326371,14.77243877349379,4,5,1,2.885465937631374,0,2
2,194.34983939239925,0.2952904940479433,12.878818333009782,6,10,3,1.7031352633215273,0,3
1,205.50446332212636,0.23238432305604784,12.150835358806207,6,7,4,1.5797301084380022,0,3
4,60.12595208275246,0.2810044989087136,16.647543677865045,6,5,1,2.0190703453144803,1,2
0,264.1429372291737,0.8034827432968846,7.414131516641604,2,8,5,4.658104615208224,1,1
2,224.25419331285948,0.9292280536318539,18.75289583760883,7,10,1,1.4522118713380405,1,3
1,269.8607076901757,0.4051026945275664,12.91902797557373,6,10,1,4.029700413493299,0,2
3,-2.7378764735582592,0.9061110021324971,9.349653304798212,1,4,2,4.030193572533485,0,0
1,346.18622933465093,0.32149570124788196,12.749935710020932,2,2,2,4.239081615589049,1,0
3,190.22872602913785,0.4764369863437916,21.285746084312862,7,3,1,4.546461955957422,1,3
4,277.5727971716261,0.22602899781599972,12.323324564918885,1,8,3,2.052144710155721,0,1
0,127.20658510121284,0.640476042175844,16.7922680910481,1,7,2,1.8982378770755854,1,0
1,242.8941733543799,0.9789811151748089,11.345218621422633,1,2,5,2.862022666109919,1,0
2,126.26091057784407,0.6034930960433786,18.7896092496181,8,6,4,2.0603566750081446,0,0
4,156.33617275129365,0.35781408411354887,18.42753869395102,4,9,2,3.93723995593243,0,1
1,333.98219477067505,0.6478174459905284,24.243044166482058,4,4,1,3.5437583069657346,1,1
2,186.65223194656573,0.12292067846538757,14.122180272503922,2,9,3,4.499950752210606,0,3
1,215.2203011225806,0.8886590802653986,18.343274023789533,1,2,4,1.3309532139482863,1,3
3,260.9047411482128,0.5030839507798364,15.490337697694724,10,2,2,4.660333333432299,0,0
1,234.69773215808232,0.44934974203964206,21.47935890931507,9,9,3,2.173394506680358,0,1
1,210.52932336005034,0.5858647884535192,11.405838061956349,7,7,3,2.962777383707936,1,2
1,225.5472701726358,0.6247838627894025,18.725026564386404,4,7,3,2.7544457437585748,0,0
4,368.2390909666792,0.07177580622651303,14.026513519416591,6,1,1,4.041246604417696,1,3
1,195.96668420764902,0.6826172212234024,14.67905911445751,2,6,5,2.68133323772737,0,1
2,214.07693327004773,0.24193168031552958,15.458762422241865,7,7,3,4.774212582597638,1,3
3,273.5458077205328,0.7139526325065898,16.261201982133386,2,6,4,4.610135530554302,0,3
3,277.3868153070589,0.8225347943841967,14.41885478439021,10,6,2,4.488644607878026,0,1
1,283.0921213892266,0.8039585075525203,16.073565915852633,8,2,4,1.2850333305929116,1,0
4,244.71111554204293,0.5525009674078891,22.890590287810923,8,6,1,4.417032246215758,0,1
4,119.98965610886616,0.5201698923107512,19.92724842807609,1,4,1,4.126541781772842,1,0
2,314.3402072610767,0.14287596133941172,19.34577296248448,8,9,4,1.414051788024524,0,3
1,119.75582248869185,0.7753461504031356,12.722302369880646,2,1,5,1.4296573017448875,0,1
3,221.18448256673233,0.27140938044671437,10.55379585885838,6,8,1,1.4046552460701647,1,2
4,147.20069049864495,0.49669542281794654,19.776502791188765,1,5,1,1.0453303728179502,0,0
1,195.51031573849053,0.2842740929275167,19.380233962648973,5,1,4,3.1945372207783342,0,2
4,223.01336872124364,0.13382836299969314,22.36335337875491,7,4,1,4.893577165744173,1,0
4,222.4950050815191,0.6295576968917366,11.980096870153853,10,1,5,2.754738811599174,0,1
3,229.53445279646994,0.05433203482290383,13.852256723198265,1,6,5,3.1630300075494255,1,2
0,312.9597888341053,0.7486452341262,6.80257918737283,2,2,5,4.871879187079822,1,1
2,231.74740110597858,0.31758679526111666,13.037644469695636,7,5,2,2.0207289150969228,1,0
2,182.9090355296546,0.00013469300448532007,19.982852552897235,6,7,5,4.433881010393051,0,0
3,267.486101780185,0.5111291392372298,12.667523103859011,3,2,5,3.1855618688469445,0,0
4,283.26293422472486,0.046851908527603126,18.20239897600412,10,6,2,3.277906058652043,1,0
1,114.06745294041053,0.27616955782089947,14.047484470010943,2,6,3,2.372695428829134,0,3
4,241.81800488949006,0.7069764874557162,16.620285141107804,10,5,1,3.2463374438676325,1,0
3,249.0820919617629,0.06268962162186587,9.261543050921663,4,5,5,1.2925700379131357,0,2
2,179.17055476480056,0.8393384923560023,15.426047248169505,3,3,1,4.058574290456448,1,0
4,296.2994769318134,0.003819922658583108,0.044320145496383745,7,10,4,2.1387510461770867,1,1
2,189.49610890772314,0.24682386920190225,14.065519209190075,8,10,1,4.55043331797582,0,3
1,208.79035174300796,0.7409040561520714,6.8476337814243,2,2,2,2.471402778429834,1,2
2,187.88497230012914,0.3162701497293068,21.029972582734082,10,7,1,1.5712964419475304,1,3
2,201.09053333070273,0.10189238806601353,18.887036763822557,7,1,1,3.78352629747394,0,3
0,123.26074391733587,0.3602339188004279,17.333354909830405,8,6,1,1.6583125788540114,1,3
0,99.1964382183994,0.27039328638452553,22.6050311357969,6,6,3,4.014722062171962,1,1
0,311.615354425748,0.8427119021605549,10.255417395875813,6,3,3,4.872448945624466,0,3
2,140.71270561771706,0.31334791758514313,23.736815989577792,10,2,4,4.118211475181047,1,3
3,130.6025355380585,0.7889324717760072,19.660957821301924,1,2,2,1.0897969937252987,1,0
2,49.26269204773996,0.8918721448107347,13.81722356390527,4,9,1,3.399543152211099,1,1
3,155.27267766173486,0.43381741957652953,20.67810073591472,1,5,1,3.7816426838788972,1,2
3,107.38371446147512,0.909943143854392,9.468532437941828,4,7,1,4.301833303185141,1,2
0,314.94106120954586,0.37731805396319285,10.877429192361632,2,5,1,1.2240092357560006,1,2
4,270.6871962539844,0.9640784164901082,11.957051383801499,5,7,3,2.9204313118091454,1,1
1,151.82947583755933,0.08928952452557293,12.355111459679923,10,4,4,3.1414834905535773,1,2
0,357.6705063741016,0.6870192665032427,9.717211786198735,9,8,5,1.6764994505767121,0,1
0,268.7235840894116,0.49381404045692867,21.115415335476627,10,10,2,2.2897992388425985,1,0
4,177.26180315439643,0.38764880545564706,13.705727998150842,3,10,1,2.7608869050246607,1,0
1,25.041599958849872,0.6327118787486009,16.762524841784398,8,7,4,4.332838751831206,0,1
2,360.36598008135195,0.7038570916343312,12.148243167931597,3,10,5,4.717630264280828,1,2
2,102.72992732654828,0.004363269650309087,5.896983497257414,6,5,4,3.5136913156706915,1,1
0,84.82208771301757,0.16695308874719872,16.35028679195711,4,6,3,2.5797807440858485,1,1
1,271.5799302406748,0.7130460506343187,5.438725122901115,8,5,5,2.016124071195944,1,3
0,370.7826684437491,0.6663854135782065,14.656829769572656,6,7,4,4.928540737744601,1,1
3,296.8990972957363,0.9660475051286772,8.158424805835947,8,2,3,4.932079992305434,1,3
0,239.47363840366518,0.761037790250783,24.936379996154038,1,5,4,4.699907792940139,0,0
0,241.63280391657003,0.950772707731338,19.556813610873608,6,10,4,4.142676599511277,0,3
2,259.73908911462155,0.702540501534807,15.528768956357402,1,3,5,2.303118174982473,0,1
2,253.12500128507355,0.29805220863944315,21.318533388273345,1,9,3,4.268001933990522,0,0
2,219.6833996778563,0.10536492225085647,10.768420112671322,8,6,1,2.6351720690846903,0,3
3,207.29407727663133,0.7818238633449356,17.717396893350465,7,10,2,2.3070923926201807,1,1
2,195.61848104703344,0.6441492214759159,15.999052168593568,3,3,5,3.979461433865118,1,0
1,147.22247877933268,0.04818601239329623,16.32010040666835,6,7,3,1.3186157104816916,1,3
4,180.35274461932582,0.36005046590097833,21.361767500533837,9,4,4,1.1942508931826468,1,1
1,81.49302300632301,0.9567998154842862,18.66246051389901,7,3,3,2.7918147887247424,1,1
1,193.1162261243675,0.5004011457102012,16.443618314125118,3,8,2,2.7825552032886476,0,2
2,130.7986224994358,0.43272913601970464,6.725562818858519,6,4,2,4.582576612255339,0,2
4,122.74874779489603,0.457699605159294,10.199768523602682,4,1,1,1.5046123851512672,1,3
4,212.5925905807435,0.20888272400516372,14.386455332021379,3,6,1,1.4931357098096512,1,3
4,297.44016004412197,0.3687071708647952,15.466861871383257,9,10,2,1.5898104018996047,1,3
3,264.2821624201619,0.3698132559871766,9.34898137663038,10,1,5,1.1189450451784104,0,1
2,90.06495774637762,0.0523550201874724,27.058383377892106,2,5,5,1.2869269512596335,0,3
4,130.72603044007639,0.7675676285179183,22.581970276267864,1,7,4,3.639479467316156,1,1
3,265.85398315917513,0.416504431903879,18.010591601962417,2,6,1,2.726337316470037,0,3
0,131.22588245231833,0.8221798868164233,15.360184306418724,7,2,4,4.0544122683520545,1,1
0,184.27567950020827,0.8503480011198954,13.938955150494241,10,4,1,4.970390874326641,0,1
3,238.50364693171863,0.21199405469865806,10.240407699888822,1,2,2,3.6361387243960053,0,2
3,132.21588815954553,0.6573534821701286,15.387402592594313,6,1,5,1.201822282480495,1,0
2,207.3762854302172,0.4722818041629817,16.288762700713754,7,3,5,1.418251459017366,0,1
2,106.6182153557257,0.8801567379214851,8.791197122591878,9,3,2,4.524016339258831,0,3
0,157.90426492341504,0.21574067917645412,16.670882086224488,8,7,4,3.109983778233046,1,2
4,222.38473538997758,0.6778132003100442,14.223704755876255,6,1,4,4.29934863758296,0,3
0,88.49043865278315,0.6077521222527226,5.4609622106130455,3,9,3,4.426449344899704,1,3
4,230.83323165722794,0.2953014775718328,10.69807494610249,8,6,1,4.7106981659980764,0,1
4,198.62535407513232,0.1366009036511726,12.931972332891778,7,4,4,4.799316821945463,1,1
2,238.67429680920034,0.6516397604772766,24.43843828670095,3,3,2,3.219303186013225,1,0
1,215.6739893845263,0.7385974581323307,17.78276562266879,9,3,4,2.3640806890241355,0,1
1,295.4898300981691,0.31562734376335,8.322592154500544,2,2,5,4.847459497391995,0,1
3,208.7657151853535,0.6448326040223138,17.430181447088184,3,2,1,3.189625624004901,1,0
2,169.94161212123228,0.39513090761150327,7.263480055308173,2,10,3,1.2570108918184442,0,3
4,208.56082521225986,0.7132068832826177,20.413455269435367,1,5,1,3.57110620023946,0,0
1,238.03086203254716,0.1992152748940531,12.644376740910607,4,9,5,3.350739001580043,0,0
4,203.42020492279931,0.8902150026361744,14.531819056304146,5,2,5,4.583171491578824,1,0
1,202.84141838427178,0.28740959646557973,21.62898323771095,6,2,5,3.61274875663125,1,2
1,150.86058185352712,0.3677859877561529,8.56418215707875,5,6,5,2.3962096978462055,1,3
1,153.59693577143364,0.058091952080349785,8.014409074435044,1,10,2,4.864902902823282,0,2
2,101.81763097402145,0.1115122123212764,12.082003368269977,3,2,3,4.206477943928134,0,2
0,322.47037202308576,0.5158619027123281,20.191894255096585,1,4,5,3.5216704735254174,1,1
4,112.92957352261004,0.2675926767279715,7.403269622615788,5,6,5,2.1717008136124916,1,0
2,151.49663615428648,0.8354802257421944,0.8392220094471554,5,5,4,2.494161185257182,0,0
2,149.71149141015619,0.014693388654953843,12.744205707955006,6,1,3,3.6798796963866267,0,2
2,262.6447063861109,0.3790940486719362,17.7587039995546,8,6,1,1.2879232738532869,0,1
2,179.35352251955806,0.3373455467690927,21.001308748694147,10,1,3,2.026722366601054,0,1
2,287.3419450871614,0.019327630917601035,12.684193189573005,1,3,3,3.855603733586392,1,1
3,152.85565630292922,0.12436839900051022,12.942866964419988,4,10,3,2.9200740393784836,0,3
4,219.52959135566613,0.41364267491863527,20.769503671278734,10,5,5,2.6095742592577205,0,2
2,141.525706271817,0.49286458444744663,5.651291501522897,1,10,5,1.605830489601658,1,3
4,350.1604389441372,0.4042897472548691,13.057396124084953,9,5,2,2.7673961379109304,1,1
3,116.8681106679341,0.5309376784120938,15.95211944962529,7,10,1,4.082767883040935,0,1
3,221.68744971589192,0.5951316749056815,17.24609360642517,7,6,4,2.056051384287572,1,1
4,244.3643816652469,0.00992382112783563,12.450966534045588,5,10,3,1.0215941687347097,0,0
1,228.96593682160488,0.4640951594535039,15.172205058529206,7,8,1,3.6740196046039313,0,2
0,187.02986387856043,0.9634992408875883,2.5583632329350525,2,5,1,4.89050641773021,1,0
1,190.91255101866017,0.5190322801295487,11.70875793833076,4,1,2,3.4273062543543316,1,3
1,203.06680303853767,0.6775422674589532,17.26754356277234,7,5,4,1.4796874357085206,0,0
1,189.7098598860058,0.3118638579168832,10.088529828726603,3,3,3,2.2829323693786923,1,2
2,267.4715381756437,0.7739913781527625,15.294921107947987,2,4,4,4.470566458880894,0,0
3,354.7366101113946,0.7729214818761151,17.23436250401349,10,8,2,1.9302722970273143,0,1
1,160.97557504945166,0.521296047654139,13.287253995711175,2,7,5,3.430783613990432,0,3
3,104.11379142946456,0.9760138232792136,15.852318854982855,1,5,1,2.6106848330159913,1,3
4,193.82025661541218,0.12555021476265338,10.186337173576938,5,2,3,1.831374885678596,0,1
0,380.5796536358023,0.016947664889580993,13.966943601519766,6,6,5,4.253627574258719,0,1
4,143.74278024211884,0.770158211757096,18.051080847946114,6,6,2,3.971325105862761,0,1
4,314.7381763810847,0.8071555373648825,15.78486480484217,9,10,4,3.6463642638370617,1,2
2,317.4390569853508,0.12020722912057624,12.067343652180323,4,10,1,1.9453463610750048,0,0
0,161.2488230804404,0.2655828329586061,16.121082021453965,1,6,3,1.3914280108658001,0,3
4,239.82881554296927,0.01755236336662891,18.57304895318309,6,9,5,3.3046373193038647,0,0
4,313.98776361899763,0.2933086107805647,4.75029360711261,5,8,5,3.2147113341577334,1,1
0,173.4610581308759,0.7731418739186715,20.79537032477949,10,8,1,1.753540037339492,0,1
0,185.7493747928347,0.5179605277125789,13.318726306594641,6,1,4,1.22498677726069,0,0
4,159.28233602359495,0.3480955931682881,17.12744966620115,3,5,2,1.322833816775944,1,3
0,128.96702885149932,0.3717392949063303,20.98623461822614,2,7,4,4.9710839460509355,1,2
4,154.5505718453795,0.0013536257154681541,8.14163151384767,6,6,4,4.134335578971535,0,0
4,114.32418132664205,0.2998005275652359,11.452794987862267,1,5,4,4.687949903860691,0,1
2,202.38584277814581,0.6464587416379305,13.557256520621475,7,8,1,1.7802188889454533,0,1
1,146.10187382589507,0.9741944438163571,11.081232394377858,7,3,1,4.84227414529374,1,2
4,216.36501382535235,0.8470608269838995,23.67468287918404,10,6,2,1.5706174058926483,1,0
3,91.08730476574608,0.023594964645529126,10.716139530866037,7,5,4,3.0363273142658844,0,2
1,223.161616255012,0.8985606046748393,12.222266102565667,10,8,1,4.318782737668256,1,2
1,258.34702731262473,0.7831984132986259,16.021945158014884,1,4,2,2.3992134180463176,0,3
1,60.43850501999813,0.7803761235709804,8.989252369619557,4,8,2,2.699314132707602,0,3
2,226.18395988933005,0.4579957590035715,13.02159644121868,7,10,4,1.5127404411963914,1,1
4,285.93682947313044,0.3980052929545028,16.587266306250875,9,2,3,1.491687519995891,0,0
2,115.32512869161562,0.3029157288331926,13.335697978087444,5,9,4,3.4782728991146383,1,3
4,317.0800670786392,0.06569485895436578,14.533065705500258,2,9,3,3.702129474480227,1,1
2,229.33133065562316,0.2282353634936991,12.353339437758146,7,10,2,4.109330056328773,0,0
2,150.64917009691138,0.24660363497802462,7.427648454096165,10,10,1,3.226728210727014,1,1
3,196.09616456396057,0.4840770697102016,16.607966056696192,1,6,5,3.5830371690452236,0,3
2,239.08288387652055,0.747444406596694,23.774665358236206,7,4,2,1.0540690867988802,1,1
0,205.3203773988688,0.4738098283979466,15.09200815391719,6,4,1,1.6486829085487522,0,0
3,237.71291947124584,0.057844449447160606,16.126320586237746,7,6,2,4.939659064067619,0,0
2,135.55284848444438,0.9577898009882039,18.463613775584296,10,5,4,1.3039740252633272,0,1
1,211.85525768252546,0.9427243190941123,8.653347517266504,3,6,3,3.7151528890409797,1,0
0,101.03998521665139,0.7851895431484084,23.512573290648028,3,7,2,1.704330532126865,0,1
0,192.21417570559097,0.9913279015642206,16.01164398211401,7,7,1,3.8668743430705677,1,0
0,136.7264650974647,0.5444823328002629,23.159284495445544,2,9,4,3.823961611847974,1,1
3,148.51290401871634,0.9627683502532061,11.334835022380053,1,8,5,1.9367962391523608,1,1
2,286.5265222647306,0.07560504061675077,24.090309612789124,9,6,4,2.0785375968768167,1,1
2,276.39170844159884,0.3656807482613713,18.875777470173915,9,6,3,3.619082854408353,1,2
1,242.6396684635024,0.22538126800676583,17.765200429261792,7,5,4,2.5603441551208546,0,0
1,123.53810647291947,0.19583308413427003,16.17012227176574,7,1,5,1.7781918787996451,1,3
0,177.85140852136385,0.14080294889267608,13.757356909627752,3,9,1,3.926718395149927,0,1
1,284.91683899854286,0.6224136415659967,21.00265829236936,10,9,2,1.6165900973453367,0,2
3,209.92018395479334,0.7813218557473051,15.701799349240234,2,9,3,4.422574656579787,1,3
2,362.3530677987186,0.5782983994203607,5.164651482064238,7,8,5,3.05867809620731,0,1
0,227.53224875760603,0.14696270958820967,9.414067691464988,9,10,3,1.4228024155172028,0,3
1,213.4434381543022,0.8111237699334709,14.070771239036263,1,3,4,3.7762893341239376,1,2
3,178.3618475058249,0.6359547071637285,16.549994915827774,4,1,3,3.076652158298162,0,3
3,209.34786333475975,0.3881657061269955,14.71705755550052,6,8,5,2.192230287179238,1,1
1,189.32711145336194,0.674130295536063,21.094853948968314,7,7,2,2.6901575208954194,1,3
2,249.56760736820132,0.25990497924283285,5.244490679806876,10,5,2,2.193350974349995,1,3
1,266.9691621756209,0.3451922084942105,15.7179396825258,7,10,3,2.052103342971136,0,1
0,144.98073776444355,0.9174858431319902,5.910103873064227,10,7,1,1.6544336833748488,0,2
1,106.81369325095554,0.2905045056714204,18.79856147742084,2,10,3,2.4510685325499035,0,2
3,71.46562388276925,0.4699882681579366,14.527706427789987,4,4,4,2.003948825264283,0,3
1,235.55939288387805,0.8901411373960146,17.09804986012059,5,9,2,3.7337379482156683,1,0
2,122.76433756782885,0.7077213502675275,10.680585197051169,1,10,2,3.7355069646532253,1,3
4,49.297658493326196,0.06220322616470275,21.397324658288756,1,2,2,3.0073609702225537,0,0
1,227.2005023171675,0.14730304427897034,20.208623320294258,10,9,1,4.111778109881284,1,3
2,374.5099662202954,0.007841590771916818,17.917721515059437,3,9,1,4.365358876024192,0,2
2,199.57503619220748,0.6309217902291634,14.352413765682796,10,5,5,3.3190658297370925,1,3
3,258.69435421161495,0.4476734254104183,17.899286426475662,3,1,3,3.475740651053735,1,3
2,205.72805509832955,0.13427485090227553,11.465537160063256,8,7,3,2.1315436391454607,1,0
2,193.07772427662002,0.9579341210567704,19.27777829510356,9,10,4,4.579476802822079,1,2
2,264.3353538091438,0.5296597239456199,23.247404471619603,1,10,2,1.0968241776901193,1,0
2,179.6807819067944,0.24189329411288918,20.35305279989593,2,4,1,2.3944098777713827,0,3
0,218.7174619850332,0.5006035711547075,11.351987650962952,10,9,4,3.887201686199424,0,1
0,222.51884643372097,0.6796203327351078,16.807086586365514,2,6,4,1.320358038684645,1,3
3,153.23366824498657,0.07623921797356448,8.534292281206762,4,3,1,1.7326781097131705,0,3
1,269.4429644675566,0.274703815047892,17.861951555878377,2,6,3,3.3571429114514046,1,0
2,187.7528170313214,0.8069654908839936,17.253017064312694,7,10,2,3.2399746858542318,1,1
1,147.09783883550088,0.45966487040266124,5.65091830233918,9,6,3,3.95571318452382,1,1
1,237.55568904992825,0.5465771420322949,9.191080780438181,7,5,4,4.250450556352687,1,0
3,137.1072412746274,0.43281600220946925,13.584305516281164,6,2,2,1.5143183140466765,0,2
2,201.972681015839,0.04389994264300512,13.49570126429587,10,10,5,1.0735239591009682,1,1
2,199.36167023490574,0.16574977982015593,8.952615322905974,1,10,4,3.7585540786356244,0,1
4,276.01268960821045,0.4455416387418909,16.944893646760917,10,2,3,2.205567183065437,1,0
1,233.2288763015967,0.20918546540792782,16.25736804470256,9,7,3,3.5039356556718144,1,2
1,198.24811288783994,0.04997902865967874,14.028654340107403,5,2,3,1.6021783522488988,0,2
0,257.2436409440201,0.8436496640518237,11.221042499208185,5,6,1,2.8761601866638515,1,3
4,297.31452843121195,0.9811925291641158,20.243535632082818,6,5,4,3.0176989842537476,1,3
0,239.04672144463035,0.7931428739967394,23.277035565441476,9,4,2,3.3403112654928644,0,0
0,200.72468338903664,0.853784921704667,12.582192580767314,8,7,3,3.0526800653222574,0,2
0,108.17146373548883,0.24197713031704537,11.939165414225897,8,8,3,2.9827630809148555,0,0
3,125.44204358472392,0.9606269755131998,17.456038327059982,8,4,1,2.330936615935422,1,3
3,178.63427069517326,0.19692570445342839,13.209853101265068,1,1,2,1.284720945272345,1,0
0,157.33414584885017,0.9514298103618323,14.303013996683829,1,1,4,1.3580807871873692,0,0
4,186.9120087910188,0.994819293965951,18.698265758623357,8,1,5,2.7351130976286147,0,1
1,203.9654947427975,0.7117228057460487,5.453219562463536,5,1,1,2.423172511283972,1,1
4,237.07849280497115,0.9811437317918219,21.591511624263347,9,5,4,3.064539218697991,1,1
2,195.0650855358636,0.5695397795671037,15.363402621646706,2,4,5,2.2193526770250678,0,3
3,234.05511506783415,0.25954178317609033,12.942534277189099,9,9,3,3.7516403658212973,0,0
1,204.51320903670842,0.43699588566562086,14.553829228892756,8,3,3,4.455819288038042,0,1
1,61.717340355229,0.593560935378786,14.812146775102594,9,7,2,2.1954527551474707,0,1
2,134.2465224326872,0.07308156202701499,6.343993482775373,4,8,5,1.7719360317561144,1,1
2,189.91387109948693,0.6223432646172461,22.47469113726618,1,6,3,1.4647222970163565,1,3
0,115.32136800112247,0.9811778367622945,15.206628161353093,1,10,3,3.46501616228325,1,3
3,241.9950110997343,0.19010764978372763,17.215010652236877,5,1,2,2.7754239645622776,1,0
3,307.1525582640588,0.7925951162883833,19.757748852870215,2,8,4,1.7520628687851558,0,0
4,285.3133296188122,0.9078987937796194,9.894187712198498,8,10,3,3.6125469331674216,1,0
0,185.05899903488543,0.9437015928202208,17.367359495176142,10,3,1,1.5939327320211376,0,1
0,304.35082957949663,0.9601356044054472,13.661794545506032,5,8,1,3.21720282339181,1,2
0,210.4067220041478,0.5214596387214719,19.23385387608247,5,4,4,3.1085935265010587,1,3
0,176.40398202173725,0.9773079079915037,4.363862898242523,2,8,5,3.9369112047443333,1,1
3,157.06181355213423,0.7573102071344389,14.504528498793656,7,1,2,1.220438559762667,0,1
3,178.827121945831,0.1616714362369619,11.985896721080191,8,3,1,4.551491727405321,1,0
0,172.82762270211398,0.47690010646797,17.161314753170778,10,6,1,3.811966904587278,0,0
4,211.92913556628415,0.718331175372004,17.350220936841012,1,9,4,1.864503993395049,0,1
1,211.24017867349053,0.24734031581908333,11.46187052588987,2,2,5,1.7336213944389587,1,3
1,200.213221410739,0.6406151835488874,11.439130679119781,10,1,5,2.7266408565751337,0,3
4,230.5856718822445,0.6666004790466192,14.446673157213352,4,10,4,4.270261318178388,1,1
0,283.3452392350439,0.1626997438085659,10.516788863423958,5,3,1,4.3717999725564285,0,2
3,266.46878948089267,0.5650853124527563,19.209918477260636,2,4,2,3.081824368557532,1,2
1,96.05714220850675,0.7716269109786077,13.15396399776277,1,5,1,4.44324345074695,0,3
2,21.22552055686316,0.4988956645359419,0.46505890339179246,9,3,5,1.0217748367667623,0,0
2,265.40239378674914,0.012103116776107425,13.125889716890969,1,10,1,1.1406985261263864,1,2
4,104.31849111092052,0.009038469079292177,9.807280895780139,4,2,2,4.647286374546971,1,2
0,184.26642186751215,0.3570293439700122,6.843620922695273,2,2,3,4.101327719543664,1,0
1,118.09208817584484,0.926194068431782,8.812866808887136,4,7,1,2.8028242330015427,1,2
0,73.86136936939862,0.22867677960360877,15.54704235916485,8,9,4,4.014440525911949,0,1
1,237.90239097433516,0.6343636888716871,21.643204141241156,8,10,3,4.8225578468936865,0,2
4,253.14086122118528,0.22207587069332058,16.565922369324902,9,2,4,4.08835809552514,0,0
4,159.64427194912963,0.3216699896595486,11.967483058921301,5,7,4,4.369485335273287,0,1
2,18.627039549856306,0.848042089601484,17.279520975853515,7,7,4,4.042426325560247,1,2
0,161.76288862232622,0.7288614422699469,12.70454844890504,3,7,1,1.6728443697341664,0,3
2,227.42628037817826,0.09539927731321063,11.526998154184277,10,3,5,4.334296438582947,1,1
0,96.47619018581099,0.4287020209864336,9.228186658835078,4,7,3,1.7804352800968402,0,1
2,212.8351943845409,0.029169763645264468,6.240855966241405,10,1,2,4.570445312176588,1,3
3,198.9283105578903,0.480890146603009,13.050381467202774,9,10,5,2.8345995923243037,1,3
3,240.5504049720762,0.6624340117010681,15.790267449600659,10,1,1,3.707907009244114,1,2
3,208.37062578899074,0.11850262359815156,14.516881649925551,10,5,4,2.988963391522574,1,2
3,131.88517413829112,0.28888493890916567,12.920165360263207,1,2,2,1.3759637176664081,1,0
1,283.7600051165144,0.3978366255021569,10.271269696516095,2,9,3,2.1628892304826604,0,0
3,188.9029298881121,0.9195310246560497,18.041230958424844,5,7,5,4.9349274159880245,1,1
4,198.08868223430477,0.993255015422964,8.414340400267076,3,4,5,4.842859006679269,0,3
4,134.67124286487626,0.044911298995615856,18.880139569217377,2,4,2,2.281947590622189,0,3
1,168.9702424165943,0.761007923495392,9.988914905366375,1,2,1,4.985187216980903,1,0
3,138.06381001811695,0.37172406640234323,11.237823813234826,10,5,3,4.382204781987598,0,1
3,187.8937758053604,0.39245818622948003,7.666074046921615,3,4,2,3.4438379977290188,0,1
3,319.81959360996404,0.7542649733470227,12.492989265571817,1,1,4,1.160498481044038,0,0
2,103.96691999480505,0.9184264321454086,19.876562292389895,1,8,3,4.605787318153518,1,0
0,87.05070214862812,0.9509285945025484,17.578140442219784,1,3,5,3.229717117057279,1,0
2,302.9819229245526,0.5771225860383208,19.892110560140175,8,6,2,4.473904604811079,1,2
0,185.34734259936937,0.3571211593005028,17.61071272966968,3,4,5,4.337716479622969,1,1
3,153.16490829380584,0.7875490858587793,9.481650857348153,1,9,5,4.332024860804344,0,1
3,272.79332811772537,0.25100138326230026,13.346053878362213,7,7,5,3.7926954428596202,0,1
2,157.6069122184195,0.5640740288335178,11.099004354412687,10,9,1,2.1656605547041945,0,0
2,327.82067994828554,0.35857846152487316,21.6528745201952,3,10,5,2.3446410309780794,0,0
0,247.45481099374882,0.6566310737078761,9.016056767868442,8,3,4,2.2338768503307453,0,0
4,165.84620142980083,0.2403989128935069,19.468488446945553,4,1,4,1.0801839981302588,0,0
0,351.0115749285852,0.19159294573482577,19.464769350543847,4,5,3,3.3302756368592448,1,3
2,157.5999553897663,0.9182390866754371,24.148101008580436,5,3,5,3.7953346817841314,0,0
2,251.94667604065148,0.1018036829495369,12.951567036852513,6,6,5,4.415463974100814,0,2
1,220.95048062845444,0.5059579077349317,18.561610797900812,7,8,2,1.5606617335309214,0,3
2,291.1218902579159,0.22085278296300892,26.408259182694213,4,4,1,3.176732595907207,1,3
1,309.30578377087966,0.03892996332566745,11.911791615331516,8,5,3,1.0320325626951314,0,0
4,202.24029043460365,0.03601881829142639,7.324798762338202,6,5,5,1.380374590842918,0,1
0,147.26074907576717,0.17522177210582734,5.599949830461181,1,4,2,1.2168469768239722,1,0
0,232.19805000573814,0.8667703545060003,18.563560144306656,1,4,1,3.9019121360619478,0,1
1,152.55992411735258,0.28247874397702666,5.584248959707081,9,4,3,1.3242382555104126,1,0
0,340.9371073268636,0.9504591705752957,13.138404735310386,10,4,3,3.86581192623516,1,0
2,209.5574731757916,0.5816222929891935,17.186565935194803,6,4,5,1.9984988176423335,0,1
3,174.42749140815238,0.4366141897687661,15.92587768414957,10,5,3,4.510851842787758,0,1
1,212.9276214105436,0.5800888346694546,17.12722432092086,8,2,2,4.252599953455256,1,1
0,105.70115973292124,0.5166983852262678,16.11144927900427,7,2,3,4.831320869901106,0,1
1,131.98701730425438,0.7587762537573252,21.394329066566968,6,9,4,4.535048061832128,0,2
1,284.0289735561098,0.28249606597285226,10.238418096306015,4,2,2,4.733317676465389,1,1
3,154.0174004720023,0.3530503916003024,11.615024307707344,7,6,1,4.434969586053231,1,0
2,126.71623121226423,0.8940943025332507,11.13670277364588,9,2,1,3.7735276024594215,0,0
1,237.56569267691003,0.9464565131504055,19.150959059313053,10,5,5,1.6810366085017439,1,2
0,282.9992908264098,0.8925582274864745,19.501992941975317,10,4,5,2.0868300754163718,0,1
4,250.32673174655469,0.4194479939573136,17.25612659659254,7,7,4,1.8509078645210923,0,0
1,269.7233380064072,0.7803655030068817,20.917468334449637,1,7,1,3.4143431506328223,0,2
1,147.02434380013776,0.4763357333010988,9.109795663118096,10,6,1,3.0144797518944055,0,0
3,100.47325332807094,0.4975398521461022,23.336120557755685,9,10,1,4.468319988633695,1,2
2,305.0933556368841,0.20468010905728395,22.61619310856129,4,5,1,4.810691465996303,0,2
4,177.4124112810505,0.5911303032585165,18.678109986228733,3,1,3,2.6194395584725774,1,3
0,182.4416888481467,0.18613589775334793,23.9089945438553,4,3,2,3.0254022131232494,0,3
4,292.97358992943407,0.33156469906719377,6.716883961611131,4,9,2,4.886065427216557,0,1
0,238.9361006580462,0.8550302016199351,12.37775931868674,10,1,4,2.104955766492574,1,3
2,231.91214404571252,0.20707580921085522,11.323482696590238,2,5,3,4.169563101435255,0,2
0,351.5501641430759,0.07115828517343281,18.607396618786716,1,2,1,1.900959609340985,1,0
3,154.95372387339,0.0690075926128163,9.749296301989272,10,4,1,3.725840461701088,1,0
3,264.94880896568657,0.9407845205031079,18.787475746687427,1,1,5,2.0144625105542566,0,1
3,203.9909187427959,0.5069204379618346,21.852680719983567,8,3,5,4.534933555325548,0,3
3,218.80145952042798,0.40941207181701833,18.476014500419996,2,10,4,3.2459117749467072,0,1
4,306.99278984887724,0.8108785810079184,16.418755118307505,10,7,1,1.7437345634975383,0,2
2,235.54850294027366,0.835825927910516,10.060633295496254,5,10,4,1.897476702793944,1,3
0,237.68072553347432,0.3321910331156046,10.765745169373176,4,3,3,2.975396782832401,0,1
0,275.0755136116861,0.6936180574737952,21.248094526483335,8,4,2,4.846408102299515,0,0
3,174.45330893199804,0.7711228158518866,18.896745019526662,2,2,1,4.0785686555346174,0,0
3,141.25532328626954,0.6546506868659545,14.80490240311228,10,3,3,2.9532385713033804,0,1
1,126.86335641852764,0.15159507480009937,12.910452271170547,9,9,1,2.3508765782488683,0,1
2,62.35503874367987,0.875883083517057,4.870960634443115,7,3,5,3.1970739733937705,1,1
4,343.93449909582256,0.5390945527360087,9.645737906577807,7,5,4,3.993443333714479,0,2
0,122.77541439948219,0.2824724263700037,24.557095435698617,1,2,5,4.1357143538112,1,2
1,184.51224634899597,0.4252281854376939,8.597722144987667,2,4,2,2.2984351923877786,0,0
1,180.62306900777554,0.03757109039890738,15.947399106105403,4,7,5,3.884637072855509,0,2
0,221.51846884663706,0.12786680122241756,20.03721986597599,4,7,1,3.6311551201447445,0,2
4,257.1016048777508,0.7655467505158609,8.725386659988537,3,3,5,4.836449167985176,1,3
1,260.2331441851822,1.1634755366141114e-05,15.923552373905416,7,5,1,4.724361162032059,0,2
1,159.1845793001743,0.4165658284822922,19.689577687553275,8,1,2,4.157517302414308,1,3
2,188.3014800349512,0.5225101810855884,15.062496609536252,2,10,5,3.8935787554197137,1,2
4,219.78059653418097,0.054634420000972295,29.34201527833384,4,10,4,2.0961663588171033,0,0
1,182.59162116715171,0.9730781629723328,6.657003705609023,3,10,4,4.383861024394133,1,1
4,312.5141903213995,0.22612533124967193,20.293642649419397,2,1,4,2.7100228148534646,0,0
0,234.3682466146776,0.30419871963628087,14.135991313017678,6,5,5,2.0889621700241787,0,2
3,251.44144502348723,0.30394251225502733,18.859600774183377,4,10,5,2.53664303181385,1,1
1,246.40168880671888,0.2304166621173499,17.20653575849623,6,9,5,4.343741960066032,0,1
2,282.14317002397274,0.001473822086311416,11.334219014450017,2,1,1,1.59453286231154,0,1
0,212.6715091092595,0.7293447940879964,16.1449819622967,4,1,2,2.82463496447929,1,3
4,109.22176364309074,0.9668454997992854,5.7104927430085635,6,4,4,2.9694303781179587,1,0
0,227.9781566226849,0.22429348328504506,18.016237502856967,5,4,1,1.1465187903952776,1,3
1,154.40501743457196,0.6630471918034224,16.49079232995263,3,2,4,1.7829841181926613,1,1
4,162.99683227751703,0.7418963269587151,18.19330084321551,8,9,1,4.306969714303426,1,0
3,241.04548131285654,0.8484253790905247,20.290591625435752,7,9,5,4.3230695543790425,1,0
0,286.6798150003545,0.4226291970136091,16.838099201048554,3,2,4,2.169660335536992,0,2
1,201.4890103715243,0.30293090564042924,15.740447098991382,6,9,5,4.499588938391705,1,3
2,221.61831088192747,0.3252951340230311,10.59465831669354,4,6,4,4.087131756273392,1,3
4,319.15504612446665,0.7126213330985128,11.438896181754746,5,8,3,2.6716299351816377,0,2
0,216.85272256419978,0.816779466505636,20.933673100886654,5,10,1,3.9936253776201514,0,3
0,382.11781799262764,0.18161396775660266,22.181677028529894,7,4,3,4.845338524779224,1,1
3,239.58567519420808,0.3709410081577652,13.809447818439729,5,2,1,2.8358788722613952,1,1
3,76.74660685909276,0.90194019674915,15.23001373626637,3,2,2,1.9537087158139346,0,3
2,252.7339134773173,0.8066935196947392,10.476928125031169,10,9,4,4.767266000200623,1,2
2,226.68108694179443,0.9848584027624758,20.863784226337224,5,1,2,3.414977154253026,1,0
1,290.28269278579216,0.7542482596820808,18.32708411845889,7,7,2,1.4210606499217011,0,3
1,247.12269458889708,0.39319520102792227,24.706087182318747,5,3,1,3.290731263426758,1,0
2,190.30808112113584,0.5906378339946378,10.608384614101306,5,3,3,3.002323557793195,0,2
2,114.2991234597444,0.6610142542473203,13.109960504908914,9,2,5,4.4223555763022535,1,0
4,185.36837198997824,0.07845581631712395,16.157229612627862,3,10,1,3.1227807590540855,0,2
3,140.463568205349,0.5444969591038651,18.232447688628852,6,6,5,2.0209297373771338,0,2
1,159.36335851366943,0.7093208284726096,13.921661812261839,1,10,2,3.702576255459554,0,1
3,241.20048830944268,0.16732130400106038,10.635194547731498,10,2,5,3.1703018101423206,1,1
3,316.89331530459845,0.7806317174255571,19.407037644617855,5,10,3,1.9321785130674898,0,2
2,227.62700708760866,0.5837727805141116,18.605676812727907,8,4,1,3.2945114317716313,1,3
4,116.2881856575371,0.9522217856975946,10.418629497181374,5,10,3,4.286142311558745,0,1
0,231.12218677540986,0.042422298206891695,21.77721400552748,9,9,3,1.1142836708960417,0,2
4,283.7642040651956,0.26532613755546697,20.85099354598302,6,9,1,3.523404154580447,0,0
4,157.31519669764324,0.6015538792998241,15.671482486238965,8,6,3,2.3983407831375683,1,0
3,190.61879833289575,0.2965599122059307,15.397989311880181,10,4,4,2.1706857830376967,1,3
4,201.02817363104379,0.7144241640712422,17.770288855579537,8,7,4,2.570351001444445,0,0
1,145.0571180842432,0.759005282521931,10.69148464871871,3,1,4,2.3680906569919267,1,0
3,245.37963036907013,0.10251596406647445,15.150157395820411,7,4,5,4.328956426833766,1,2
1,191.5336295974553,0.5138544642067677,4.238082276954099,7,5,3,2.099191243071602,1,0
0,229.36727107349193,0.5088905555910559,19.38227822751468,10,8,1,3.9326120924263415,0,0
3,137.87554755385298,0.36928077021554107,7.192533887790703,6,2,1,1.3762392809143549,1,0
0,169.37791897736128,0.9329248625696721,22.517099142144996,7,5,5,4.805585489937663,0,0
3,250.566695047944,0.8275063198732212,13.349399530167748,2,6,1,3.489266548994207,0,2
2,173.9016793535763,0.6972093819096368,13.941665090344115,9,5,4,3.8268743081782404,0,0
4,320.88746958633834,0.7143266357349976,11.86133046957747,10,9,3,2.192157328377804,1,3
2,172.02546700697783,0.4617161438131191,13.559805630389619,10,10,1,2.6483862748324585,0,1
0,215.72793080263202,0.9209945210965759,22.092656725740184,1,1,1,1.895113545083905,1,3
4,265.2813582311163,0.6945954272532854,2.5609567173246024,1,3,2,4.730144343208895,1,1
3,100.71439869468779,0.7289810616558164,21.384826930440937,3,2,2,2.9524177884055107,0,3
4,76.74338316134569,0.8616909037873453,16.69011740550854,3,3,2,3.52179246263196,0,1
1,93.20405798009337,0.274071589342191,8.964891760713922,1,10,3,3.9370881221228617,0,1
4,288.38088723990273,0.807070903866703,9.62343803475381,7,9,4,2.484424364398156,1,1
1,161.36992978752872,0.19524060295649204,23.381965136041018,4,9,4,3.880406618156565,1,1
4,379.0739499967776,0.34534195224488784,10.272465600286344,10,10,4,3.7039699590253607,0,2
1,160.5026680939828,0.3356104542698427,9.233247447020203,2,2,3,3.822637335495786,0,3
0,212.9185912237926,0.9785254683891406,20.686572711823647,10,3,3,2.9569196008184515,1,1
2,307.9476966797513,0.8565372237479268,16.692764381429573,5,4,2,2.5317495291664684,1,3
3,340.4265021711386,0.7011698615902597,10.310372117318007,6,9,1,1.8883287528359594,0,0
4,344.3052503645479,0.7270567616153901,16.083124877023096,9,3,5,4.298505411203571,1,1
2,284.58563614151996,0.5620727944025711,9.871236581798613,4,7,5,3.4334001861267147,1,3
3,271.68437680680233,0.9470906671085191,20.504106992113027,2,3,1,2.77740878438998,1,2
3,241.47688644408282,0.49625875288236154,20.30685482436567,5,7,2,4.775983626842446,1,3
1,254.48527533166464,0.3805177098698945,17.660030994109714,3,7,1,1.1913552500281552,1,1
0,161.41699985700265,0.163035336931591,16.808305306235084,2,9,1,4.40068778082019,1,0
0,142.7260781604385,0.786205652261058,23.80594062433687,1,2,5,4.990330371783889,0,3
2,199.76378798123335,0.7344439320755914,14.998431636941126,10,6,2,4.547768443531469,1,0
0,188.087076423255,0.3843550385241349,9.090629372895993,2,9,3,4.241746342462501,0,2
4,168.27403654709073,0.02519341395922936,17.247369564161534,6,2,5,2.4972239736252986,0,3
0,248.74712132197007,0.8389973277180107,25.43023524768557,8,2,3,1.925256729049174,1,3
2,266.87136459993576,0.011417983454073632,9.92620253407074,3,5,2,3.9394020819984044,0,2
0,206.1884820404293,0.703699779629051,13.192686166530072,9,10,1,2.2183014651542736,0,2
4,303.4271056738683,0.970257109726057,17.082230190507264,9,10,4,1.7041587286198827,0,2
1,120.08176201065464,0.43766132814820347,14.730475754971303,2,10,4,4.146103548414365,1,1
2,186.44383785041973,0.23497340499595276,10.088482098113428,8,8,2,2.250174608946889,0,1
1,149.82243755780365,0.7048710100433817,20.609289281152353,10,9,4,4.6577669179493535,1,3
1,69.3424368048858,0.8171281420155851,26.600203610086297,5,2,3,4.362530579276501,0,3
1,194.21235199101105,0.5464303160778473,15.980657295119537,4,5,4,4.390561318037021,0,3
3,191.47767441317015,0.9670352752561462,10.479658551319998,10,7,2,4.086278904223304,0,0
3,305.9414820269492,0.0516687216579611,7.255197374732624,5,6,2,4.523525695098947,0,2
1,244.15681791883443,0.5047955983045281,16.289879906105906,4,6,3,4.2229875687124805,1,3
2,128.30692229695563,0.7184539473225501,20.519386716581288,8,7,4,3.4100454542989147,0,2
4,329.7864796433932,0.862640471149179,17.375838732476907,4,3,4,2.1832908743274526,0,1
4,285.47235868677467,0.17925561190779005,14.987980795405731,10,3,1,4.552836772856596,1,2
0,240.7468392428031,0.8000034817636814,12.053641741053468,6,10,5,4.362414491092768,1,0
2,184.14611308051175,0.5527070757185453,9.53918183640955,2,9,2,2.8915172888421803,1,0
3,132.8392534293564,0.3965536819899632,19.17375663162441,5,8,1,1.1563147440078207,0,2
1,173.9455256750263,0.13171502857909356,19.568858106927927,6,5,2,3.554174909607654,1,0
0,276.21240337929305,0.8652957589089124,7.271351066546334,5,6,1,1.202387414706327,1,0
4,331.9210414154226,0.15727320817971535,22.94919489090342,2,10,5,4.705119847393629,1,1
3,308.02704697905324,0.30978785920909924,17.870356104470005,7,1,1,4.846525026501228,1,3
3,165.78054047496082,0.2900455319624369,21.997973225728966,4,10,2,1.757960583598417,1,0
1,121.62677966976922,0.8714140341908543,8.289361257574424,8,1,4,3.70555751221964,1,3
4,209.86203728378428,0.672702994208898,8.170879222922807,7,4,2,1.369076018251051,0,2
2,76.20924441060039,0.7966813971913723,14.255153451163515,7,2,3,3.9180677142924885,1,2
3,222.6217399929347,0.250467898792499,17.51392213447597,9,7,3,2.3891506646106984,0,0
1,189.66781895909318,0.6248740996069989,23.98180411463482,1,2,3,3.724200446921781,1,2
2,167.37744486922304,0.5717459831437487,18.530394569075657,10,10,3,2.4915060368087114,1,1
4,88.37078529132432,0.8328303767882711,13.786593615939832,6,2,5,1.582270039332943,1,0
3,235.95200745988015,0.9060870604812605,9.86815396167054,6,5,4,2.6244399220102315,0,0
2,162.7109412236662,0.012156771477386807,21.150002863595752,6,4,4,1.45069410653916,1,0
2,118.10582150027983,0.6740199190587927,10.176472871246425,6,8,2,3.307533099907783,1,2
2,-1.058354929715449,0.05183579911972902,23.142342773861607,10,4,1,1.163806128597919,1,2
3,198.07395664645546,0.5488586650773559,13.578076751967453,7,6,2,3.109278718399439,1,0
3,324.0576117668821,0.2876327290436782,22.952910363089252,10,5,2,4.545474588382163,0,3
0,316.2881450183509,0.3067765995221412,18.39465645029639,6,2,2,4.351493080477451,0,2
4,168.00326203896097,0.3529585034523566,14.315022552787708,1,8,2,4.531126798505987,0,2
1,157.84515577467536,0.6212924490496101,12.403018140869367,3,2,4,4.688195208508429,0,0
2,232.81419792525168,0.3340499656687692,13.2954606132696,2,9,1,1.418111551502777,0,3
0,130.1130192568196,0.7326990505902804,17.141583461876188,6,9,2,1.5149888115028523,1,0
1,221.12543298736261,0.4045273855738697,15.385782481088583,8,3,4,3.2280272252525144,1,2
0,253.62561948692831,0.06835320030995862,12.030942959656475,3,4,2,4.575890673697717,1,0
3,285.8853256719015,0.7837598424841072,14.17184294841184,10,8,3,4.897397826096123,0,0
2,192.9892146464033,0.285758324592706,15.392885148595749,8,9,2,1.1850476693599998,1,0
1,185.74283748761238,0.43276687959926263,4.35632952792594,8,3,2,2.4230963368026406,0,3
1,138.54121892704072,0.6854438832219015,17.290840573943495,5,5,5,1.8515770186399738,1,0
1,142.1183752172098,0.332456157148712,10.101393876415965,8,8,3,4.023863395724993,0,2
1,184.14647756689314,0.056585656146715624,9.233337983971275,6,3,1,3.560775474148128,1,0
1,225.71558547713246,0.3739210470128136,6.563278264446449,5,7,2,1.4795521259353817,1,3
0,263.95092383632743,0.9444485826943034,6.030537510660549,9,8,1,2.934088269459886,1,1
2,143.77747345237586,0.6417343972985582,8.222762484438555,7,10,3,3.7417620894851655,1,3
3,304.4881998271665,0.6714791486672069,11.454895211847548,8,3,2,4.11602157569615,0,0
3,181.0213479270202,0.6322821536376398,24.76629568763284,1,2,5,1.080210839136034,1,1
3,198.50428939560948,0.1989921389594368,12.370601620523981,2,10,4,4.561878295935559,1,0
3,147.69518245965236,0.41833386410228013,15.888750531340158,8,7,5,3.2771255318020978,1,3
0,30.30318178089408,0.7509397983633183,17.002406932531642,9,9,5,4.247636459839619,0,1
4,261.8831777452735,0.10137289755315915,15.655325931079243,4,1,4,4.231752120057134,1,1
2,251.57907279647034,0.27785277608971226,14.612782696370031,10,3,4,1.7594106410838766,1,0
1,180.30707100172506,0.2763191084658536,9.023531182003776,10,5,4,1.4406884810145324,1,0
4,204.68935020574102,0.432018927594506,22.25463774139606,9,3,2,3.8851490758953067,1,3
3,236.11574523928695,0.9803687409421851,24.035983218189426,4,1,1,1.6257076752864763,1,0
4,90.62179001794202,0.06750254668382194,6.586706529386571,10,7,1,4.399749965618895,0,1
2,162.96631258575937,0.518700994380595,9.879857045568102,10,7,4,3.9047579354484205,0,2
1,255.5985275735279,0.17936468201221045,13.600948288114969,10,10,5,4.36730145746105,0,2
1,112.19974037815254,0.9706765454097441,10.177311025449043,9,8,3,2.1960507184373843,1,3
2,220.54905525166404,0.1133035047274642,17.529827767279325,7,5,4,2.266392241642276,0,0
2,105.03927367636165,0.40360100236159124,11.358638987966934,2,10,5,3.6848862253852706,1,3
3,232.65009877034686,0.7378849848346062,25.825280339033014,9,5,5,1.1257838202357902,1,2
1,197.50509623917614,0.7045544280274453,20.95274297171798,4,5,2,3.9059869853496907,1,2
4,86.94077288661434,0.42272863689393225,16.062870153161075,8,1,2,4.343132283418405,1,0
0,281.53175481200196,0.34652416795271823,20.13493131659866,7,10,1,2.660654346416416,0,1
0,148.57858962413655,0.39761237855287057,20.529502121786543,7,5,1,4.059515320353874,0,0
2,143.28232940899335,0.2642762631586393,12.180262559708783,8,6,3,1.6984436679290478,0,2
3,214.039843806166,0.2053329387067998,10.918913777290175,1,1,3,2.2890415752779387,1,1
0,280.40461446001007,0.48303969755889,15.390715314848237,5,7,3,4.89721985244191,0,3
1,128.89247267151222,0.2685337560676073,19.308180622489722,2,1,3,4.945312694240505,0,2
2,204.31758948935803,0.2874616648972501,15.695301993267089,2,2,5,3.050420212086352,1,3
4,230.0171550231401,0.6567560634745571,7.115017589045014,1,2,5,4.737079165855508,0,1
2,248.51739250842007,0.9685373316998922,10.985877780245788,5,5,1,3.0909227122274183,1,3
4,212.35090886940577,0.6036372005593751,14.63013568202811,2,10,2,2.1663525126446292,0,2
2,174.30805126416743,0.07697946706496628,14.621671978370848,4,7,2,2.0675971523950873,0,0
2,142.06868455458962,0.07558361385406698,24.862710883949042,3,1,4,4.718022821472595,0,3
2,206.03007181324622,0.951423220845566,8.07006028800501,3,10,5,1.6897855558954364,1,2
4,124.95026916100751,0.29729079030733363,17.527946209179373,2,1,3,3.3185298328072728,0,2
4,-4.494533844622509,0.09206698608247543,22.44556554164145,6,1,3,3.2221002722508785,0,1
2,230.55918629103675,0.5990445871503816,26.35724872711398,2,6,4,3.9584867386119797,0,2
0,263.27543887603366,0.6236487782902661,12.978012884080194,8,2,2,2.996971630099099,0,0
3,34.594729512071325,0.6485048201186882,17.457147263600998,8,1,3,2.089142642832537,1,0
3,129.31885067030436,0.2674020278575413,17.848801785993235,5,6,2,1.6775859985263142,1,3
3,243.34079827036385,0.015110684214475034,15.977408657766453,10,2,4,3.483275214023567,0,3
4,344.0246828798189,0.9650153694544719,14.50577399380347,7,6,2,3.8759630274129324,0,3
4,201.45555953727856,0.2508930456911025,17.17987694750023,4,10,2,3.2780851147281305,0,3
0,149.0397941139606,0.6760262880525475,2.3387695739015726,1,8,2,3.953405108484779,1,0
3,187.1972491226612,0.7066298698787096,18.410347450313157,2,2,3,1.5660848097998405,0,1
3,296.24134934037295,0.6100074170794857,15.630889518309836,10,9,1,4.529880779772542,0,3
2,154.78250746128253,0.3129073942136482,13.887625516108674,10,8,5,3.3295820336340123,1,1
4,144.05655953448223,0.27109625376406576,25.23431097859779,4,10,2,1.5073757075703886,1,2
3,166.20795344725772,0.5976682827027031,11.625329906047238,1,1,2,2.84770081682294,1,2
0,133.26699742189015,0.8660956336116915,12.984620054674846,8,7,2,4.379166951463645,0,3
0,208.5869221196357,0.9467337289233956,24.95776651102367,9,10,1,4.5902487738126405,1,2
3,313.7274920928692,0.10590580440375763,10.839693475750718,4,6,4,2.058598019995046,1,1
4,222.61554911812203,0.15482861259771985,12.249423585317306,10,6,3,3.8450632988418123,0,1
0,182.33525485115987,0.9447362587830797,14.26487288284575,3,6,1,1.3999409899351067,1,2
2,179.57321117591192,0.7365352283347926,19.203672410647748,2,6,2,1.1341834856486313,0,3
0,90.576643391234,0.8829938248297731,16.039012536766567,5,10,1,3.241595815279771,0,1
1,261.8176844003011,0.20263263413534316,8.536873264238686,3,7,1,3.7793103173125036,1,1
1,194.55139620910387,0.5875858711094019,12.339157184364051,10,3,1,4.1831469247060085,0,0
4,187.36640604865622,0.7011395944174736,11.963227833938943,7,6,4,2.3608649538213387,1,3
3,423.5175297491403,0.6801118854469727,14.613894773884772,6,3,5,1.026101641715548,1,0
